Length,Width,Thickness,S11_dB,VSWR,Impedance,Directivity_dBi,Efficiency
25.0,35.0,1.0,-9.46,2.29,41.1,6.18,0.95
26.0,35.0,1.0,-7.6,2.03,56.59,5.08,0.73
27.0,35.0,1.0,-9.58,1.98,52.74,6.29,0.82
28.0,35.0,1.0,-10.26,1.73,49.69,6.65,0.79
29.0,35.0,1.0,-11.14,1.91,47.15,6.38,0.9
30.0,35.0,1.0,-10.08,1.69,55.58,5.68,0.83
31.0,35.0,1.0,-10.18,2.01,65.08,6.98,0.87
32.0,35.0,1.0,-10.6,1.77,52.01,6.51,0.83
33.0,35.0,1.0,-11.6,1.68,46.37,4.8,0.82
34.0,35.0,1.0,-11.0,2.0,54.8,4.36,0.79
35.0,35.0,1.0,-9.98,2.1,54.2,4.36,0.92
25.0,36.0,1.0,-9.77,1.98,45.13,4.92,0.9
26.0,36.0,1.0,-10.23,2.35,50.34,5.1,0.84
27.0,36.0,1.0,-8.55,1.78,53.55,5.69,0.89
28.0,36.0,1.0,-10.19,1.51,46.52,5.97,0.84
29.0,36.0,1.0,-7.76,2.43,47.71,5.41,0.9
30.0,36.0,1.0,-8.89,1.92,55.34,6.43,0.71
31.0,36.0,1.0,-10.83,1.58,55.21,5.45,0.8
32.0,36.0,1.0,-8.58,1.7,48.27,6.43,0.9
33.0,36.0,1.0,-9.16,1.54,51.73,4.29,0.77
34.0,36.0,1.0,-10.13,1.59,51.7,6.65,0.86
35.0,36.0,1.0,-10.52,2.14,50.4,5.88,0.86
25.0,37.0,1.0,-9.31,2.39,54.48,6.37,0.85
26.0,37.0,1.0,-8.69,1.77,52.92,4.44,0.91
27.0,37.0,1.0,-9.52,2.35,53.72,6.18,0.86
28.0,37.0,1.0,-10.95,1.79,50.25,7.44,0.78
29.0,37.0,1.0,-9.58,2.05,55.85,7.25,0.85
30.0,37.0,1.0,-11.13,2.3,44.27,5.56,0.8
31.0,37.0,1.0,-10.73,2.01,45.62,6.41,0.95
32.0,37.0,1.0,-8.27,2.31,48.03,6.76,0.85
33.0,37.0,1.0,-9.28,1.54,57.12,6.47,0.85
34.0,37.0,1.0,-8.6,1.52,61.78,6.66,0.87
35.0,37.0,1.0,-11.08,2.27,50.43,5.6,0.79
25.0,38.0,1.0,-9.66,2.4,47.61,6.46,0.85
26.0,38.0,1.0,-9.26,1.83,45.22,4.95,0.87
27.0,38.0,1.0,-10.54,2.33,54.08,5.24,0.92
28.0,38.0,1.0,-10.18,2.41,56.69,5.72,0.88
29.0,38.0,1.0,-9.25,2.41,46.27,3.94,0.94
30.0,38.0,1.0,-10.43,2.25,51.0,6.98,0.9
31.0,38.0,1.0,-10.2,1.81,51.01,7.56,0.83
32.0,38.0,1.0,-10.2,2.23,45.48,5.76,0.79
33.0,38.0,1.0,-10.01,1.77,50.7,5.82,0.89
34.0,38.0,1.0,-9.29,1.5,44.13,6.19,0.8
35.0,38.0,1.0,-10.61,1.58,44.18,6.51,0.87
25.0,39.0,1.0,-10.45,1.78,45.69,6.98,0.88
26.0,39.0,1.0,-10.14,2.17,49.74,5.25,0.86
27.0,39.0,1.0,-8.67,2.16,42.42,5.85,0.87
28.0,39.0,1.0,-10.46,1.91,45.8,6.2,0.89
29.0,39.0,1.0,-9.1,1.63,55.28,5.39,0.84
30.0,39.0,1.0,-10.11,1.91,40.07,5.38,0.82
31.0,39.0,1.0,-10.16,1.7,48.33,7.1,0.81
32.0,39.0,1.0,-10.52,2.35,48.22,5.31,0.91
33.0,39.0,1.0,-9.35,1.76,41.49,5.08,0.9
34.0,39.0,1.0,-10.16,2.37,49.32,5.09,0.88
35.0,39.0,1.0,-9.97,1.67,47.03,6.31,0.83
25.0,40.0,1.0,-10.41,2.41,45.42,6.32,0.84
26.0,40.0,1.0,-10.24,2.13,53.59,6.19,0.83
27.0,40.0,1.0,-10.17,2.34,52.92,6.68,0.91
28.0,40.0,1.0,-9.38,2.24,50.19,6.05,0.79
29.0,40.0,1.0,-10.42,2.14,51.53,5.58,0.89
30.0,40.0,1.0,-11.9,1.98,59.11,5.82,0.83
31.0,40.0,1.0,-8.82,1.59,50.59,4.88,0.83
32.0,40.0,1.0,-9.7,1.91,52.09,5.05,0.83
33.0,40.0,1.0,-7.89,1.61,55.69,5.82,0.75
34.0,40.0,1.0,-9.27,2.23,51.42,5.59,0.89
35.0,40.0,1.0,-9.22,1.89,53.42,6.0,0.85
25.0,41.0,1.0,-9.38,1.73,38.69,5.62,0.86
26.0,41.0,1.0,-11.56,1.8,48.73,3.86,0.79
27.0,41.0,1.0,-10.18,1.85,51.5,6.24,0.9
28.0,41.0,1.0,-10.82,2.49,41.59,8.19,0.86
29.0,41.0,1.0,-8.53,1.57,50.8,6.24,0.82
30.0,41.0,1.0,-8.96,2.19,46.87,7.26,0.78
31.0,41.0,1.0,-9.46,1.75,43.01,6.03,0.84
32.0,41.0,1.0,-9.98,1.73,52.16,8.43,0.9
33.0,41.0,1.0,-11.65,1.79,50.35,5.83,0.84
34.0,41.0,1.0,-10.76,1.67,53.22,4.58,0.84
35.0,41.0,1.0,-9.12,1.77,40.66,5.72,0.9
25.0,42.0,1.0,-9.44,2.36,44.39,4.62,0.81
26.0,42.0,1.0,-9.22,1.54,54.22,5.42,0.86
27.0,42.0,1.0,-10.49,1.8,48.86,7.01,0.91
28.0,42.0,1.0,-8.44,1.67,53.71,6.59,0.96
29.0,42.0,1.0,-10.12,1.79,59.31,5.49,0.84
30.0,42.0,1.0,-9.51,1.7,51.89,6.96,0.89
31.0,42.0,1.0,-9.61,1.66,60.93,6.51,0.89
32.0,42.0,1.0,-8.75,1.95,53.32,4.85,0.77
33.0,42.0,1.0,-9.21,1.61,54.34,5.77,0.79
34.0,42.0,1.0,-9.68,2.38,41.91,5.32,0.78
35.0,42.0,1.0,-11.33,2.44,45.02,5.11,0.92
25.0,43.0,1.0,-10.82,2.42,51.23,5.8,0.87
26.0,43.0,1.0,-9.68,1.66,47.13,6.04,0.89
27.0,43.0,1.0,-9.3,1.61,49.56,5.53,0.85
28.0,43.0,1.0,-11.35,1.65,43.57,5.63,0.77
29.0,43.0,1.0,-9.59,2.47,49.35,5.93,0.87
30.0,43.0,1.0,-12.56,1.82,56.23,6.81,0.85
31.0,43.0,1.0,-10.1,2.29,56.9,6.63,0.85
32.0,43.0,1.0,-9.26,1.75,49.07,5.27,0.8
33.0,43.0,1.0,-10.4,2.47,49.84,6.31,0.87
34.0,43.0,1.0,-10.57,2.31,51.84,6.59,0.84
35.0,43.0,1.0,-10.03,1.75,53.76,6.58,0.75
25.0,44.0,1.0,-9.46,1.92,52.42,5.9,0.85
26.0,44.0,1.0,-7.93,1.95,51.16,4.73,0.8
27.0,44.0,1.0,-10.68,1.6,46.99,7.76,0.92
28.0,44.0,1.0,-8.86,2.22,41.39,4.64,0.82
29.0,44.0,1.0,-10.44,2.39,39.35,4.85,0.84
30.0,44.0,1.0,-9.95,2.08,57.09,6.16,0.86
31.0,44.0,1.0,-9.97,1.87,55.43,5.09,0.83
32.0,44.0,1.0,-10.29,2.22,52.41,6.54,0.84
33.0,44.0,1.0,-9.42,1.52,49.91,8.04,0.89
34.0,44.0,1.0,-10.28,1.84,48.15,6.43,0.96
35.0,44.0,1.0,-8.68,2.44,51.19,4.83,0.96
25.0,45.0,1.0,-11.58,2.01,58.22,5.69,0.93
26.0,45.0,1.0,-9.74,2.5,54.86,5.95,0.87
27.0,45.0,1.0,-9.57,2.22,55.68,5.34,0.77
28.0,45.0,1.0,-10.62,2.42,48.84,6.94,0.85
29.0,45.0,1.0,-11.45,1.79,50.47,7.01,0.83
30.0,45.0,1.0,-7.86,1.77,49.25,3.57,0.87
31.0,45.0,1.0,-10.73,2.39,51.52,4.97,0.84
32.0,45.0,1.0,-9.06,2.3,55.06,4.91,0.81
33.0,45.0,1.0,-10.68,1.54,40.4,8.04,0.73
34.0,45.0,1.0,-10.15,2.38,49.54,7.96,0.79
35.0,45.0,1.0,-11.8,1.72,44.83,5.87,0.84
25.0,35.0,1.1,-10.88,1.67,53.59,5.52,0.87
26.0,35.0,1.1,-10.39,1.83,56.72,6.39,0.81
27.0,35.0,1.1,-10.57,2.11,51.66,6.11,0.81
28.0,35.0,1.1,-10.93,1.79,50.11,5.98,0.82
29.0,35.0,1.1,-10.18,1.9,41.67,7.46,0.85
30.0,35.0,1.1,-9.31,1.75,52.27,4.98,0.89
31.0,35.0,1.1,-9.08,1.79,50.42,4.77,0.92
32.0,35.0,1.1,-9.33,2.46,46.63,4.99,0.87
33.0,35.0,1.1,-9.56,2.32,52.21,5.69,0.84
34.0,35.0,1.1,-10.14,2.09,43.04,3.99,0.85
35.0,35.0,1.1,-9.97,1.65,44.57,5.3,0.87
25.0,36.0,1.1,-9.45,1.98,51.97,4.6,0.86
26.0,36.0,1.1,-9.99,2.39,45.35,4.7,0.83
27.0,36.0,1.1,-9.38,1.61,48.01,5.45,0.9
28.0,36.0,1.1,-9.47,2.04,54.64,5.33,0.81
29.0,36.0,1.1,-10.59,1.99,47.46,6.09,0.84
30.0,36.0,1.1,-9.88,1.76,53.54,6.89,0.94
31.0,36.0,1.1,-9.26,2.01,52.62,4.54,0.8
32.0,36.0,1.1,-8.73,1.54,48.18,6.25,0.9
33.0,36.0,1.1,-8.48,1.78,54.45,5.81,0.83
34.0,36.0,1.1,-9.17,2.19,38.35,9.07,0.86
35.0,36.0,1.1,-9.56,2.15,48.13,4.59,0.79
25.0,37.0,1.1,-10.17,2.16,47.71,5.79,0.87
26.0,37.0,1.1,-10.41,1.69,49.1,7.02,0.88
27.0,37.0,1.1,-11.26,2.36,51.85,6.39,0.91
28.0,37.0,1.1,-10.79,2.41,62.65,6.73,0.83
29.0,37.0,1.1,-9.7,2.09,40.18,7.42,0.71
30.0,37.0,1.1,-9.19,1.56,52.12,6.62,0.85
31.0,37.0,1.1,-9.78,1.94,38.86,6.42,0.81
32.0,37.0,1.1,-10.85,2.37,45.99,7.88,0.85
33.0,37.0,1.1,-9.64,2.46,58.4,6.57,0.89
34.0,37.0,1.1,-11.64,1.6,55.69,6.5,0.83
35.0,37.0,1.1,-10.65,1.91,53.46,8.43,0.86
25.0,38.0,1.1,-10.97,1.89,51.5,4.34,0.79
26.0,38.0,1.1,-10.11,1.84,47.39,4.62,0.87
27.0,38.0,1.1,-9.05,2.15,53.65,5.87,0.92
28.0,38.0,1.1,-9.36,1.59,51.57,5.47,0.84
29.0,38.0,1.1,-10.27,1.66,51.97,6.77,0.89
30.0,38.0,1.1,-7.79,1.81,46.28,4.9,0.84
31.0,38.0,1.1,-9.55,2.44,44.97,7.29,0.97
32.0,38.0,1.1,-9.68,2.28,54.98,6.53,0.92
33.0,38.0,1.1,-8.65,2.34,51.55,4.57,0.88
34.0,38.0,1.1,-10.04,1.71,53.24,8.28,0.77
35.0,38.0,1.1,-8.16,2.36,56.79,6.04,0.91
25.0,39.0,1.1,-11.86,2.23,53.85,7.7,0.77
26.0,39.0,1.1,-9.8,1.52,54.31,7.11,0.92
27.0,39.0,1.1,-9.17,2.14,46.8,6.95,0.83
28.0,39.0,1.1,-10.02,2.21,42.57,5.32,0.89
29.0,39.0,1.1,-9.84,1.89,55.79,6.25,0.78
30.0,39.0,1.1,-8.76,1.89,49.73,7.02,0.88
31.0,39.0,1.1,-9.76,1.67,47.47,4.1,0.86
32.0,39.0,1.1,-10.34,1.78,46.27,3.96,0.78
33.0,39.0,1.1,-10.72,1.66,55.39,6.95,0.76
34.0,39.0,1.1,-8.81,1.93,41.31,7.03,0.84
35.0,39.0,1.1,-8.41,2.35,46.34,6.17,0.91
25.0,40.0,1.1,-11.13,1.93,38.5,6.85,0.8
26.0,40.0,1.1,-9.36,2.37,46.9,5.27,0.8
27.0,40.0,1.1,-10.41,2.13,52.64,6.33,0.87
28.0,40.0,1.1,-9.56,1.56,48.17,5.76,0.82
29.0,40.0,1.1,-9.55,2.41,46.26,5.01,0.81
30.0,40.0,1.1,-10.03,1.58,49.68,5.25,0.9
31.0,40.0,1.1,-9.56,2.25,47.82,6.08,0.91
32.0,40.0,1.1,-11.51,2.35,47.14,6.34,0.85
33.0,40.0,1.1,-10.73,2.15,57.61,7.62,0.84
34.0,40.0,1.1,-10.11,1.89,46.32,5.1,0.9
35.0,40.0,1.1,-7.82,1.55,46.45,4.88,0.92
25.0,41.0,1.1,-9.54,2.44,38.11,6.17,0.86
26.0,41.0,1.1,-8.45,2.0,43.25,4.02,0.78
27.0,41.0,1.1,-10.86,2.43,45.01,6.87,0.91
28.0,41.0,1.1,-9.47,2.4,48.51,4.97,0.9
29.0,41.0,1.1,-10.71,2.47,54.1,4.91,0.88
30.0,41.0,1.1,-9.6,2.38,49.5,5.31,0.87
31.0,41.0,1.1,-7.04,2.06,44.1,6.21,0.78
32.0,41.0,1.1,-8.98,2.08,49.11,6.2,0.8
33.0,41.0,1.1,-9.73,2.19,49.54,5.28,0.8
34.0,41.0,1.1,-12.37,2.42,56.19,6.1,0.77
35.0,41.0,1.1,-9.87,2.35,50.13,5.05,0.88
25.0,42.0,1.1,-11.36,1.66,46.66,5.14,0.9
26.0,42.0,1.1,-10.06,2.06,46.92,6.6,0.83
27.0,42.0,1.1,-8.16,1.67,54.96,5.28,0.87
28.0,42.0,1.1,-10.0,2.17,56.09,7.76,0.82
29.0,42.0,1.1,-10.16,1.79,46.87,6.42,0.9
30.0,42.0,1.1,-11.06,2.05,41.99,6.88,0.89
31.0,42.0,1.1,-12.1,2.45,47.72,6.02,0.83
32.0,42.0,1.1,-10.47,2.47,49.78,5.37,0.8
33.0,42.0,1.1,-9.92,2.44,48.71,6.24,0.88
34.0,42.0,1.1,-12.09,1.76,58.64,6.67,0.84
35.0,42.0,1.1,-9.18,2.13,48.27,5.06,0.97
25.0,43.0,1.1,-10.55,2.1,64.27,4.15,0.85
26.0,43.0,1.1,-10.16,2.26,47.6,7.4,0.88
27.0,43.0,1.1,-9.26,1.94,52.37,6.57,0.82
28.0,43.0,1.1,-9.83,1.64,48.07,5.88,0.83
29.0,43.0,1.1,-10.02,2.29,50.78,7.53,0.9
30.0,43.0,1.1,-10.52,1.59,55.92,6.17,0.79
31.0,43.0,1.1,-9.52,2.23,51.97,6.5,0.84
32.0,43.0,1.1,-9.67,1.73,49.11,6.43,0.9
33.0,43.0,1.1,-10.91,2.38,50.0,5.46,0.83
34.0,43.0,1.1,-10.74,2.15,58.63,7.12,0.85
35.0,43.0,1.1,-8.34,1.68,50.78,3.89,0.91
25.0,44.0,1.1,-10.79,1.65,45.24,4.9,0.8
26.0,44.0,1.1,-10.27,1.54,49.8,6.54,0.83
27.0,44.0,1.1,-9.52,2.14,54.78,5.89,0.79
28.0,44.0,1.1,-11.03,1.66,51.6,6.63,0.89
29.0,44.0,1.1,-10.59,2.41,48.41,5.55,0.81
30.0,44.0,1.1,-10.53,2.22,53.3,7.24,0.8
31.0,44.0,1.1,-7.77,2.28,55.44,4.98,0.87
32.0,44.0,1.1,-10.24,1.66,44.56,7.0,0.9
33.0,44.0,1.1,-9.88,1.94,63.26,4.41,0.88
34.0,44.0,1.1,-9.43,2.39,62.67,4.45,0.88
35.0,44.0,1.1,-9.0,1.91,46.65,6.28,0.86
25.0,45.0,1.1,-10.51,2.02,48.52,5.69,0.82
26.0,45.0,1.1,-10.99,2.1,58.18,5.97,0.75
27.0,45.0,1.1,-9.68,2.28,42.09,7.51,0.8
28.0,45.0,1.1,-10.13,2.1,53.63,6.52,0.8
29.0,45.0,1.1,-10.08,1.67,49.47,5.05,0.9
30.0,45.0,1.1,-10.8,2.45,47.78,6.07,0.83
31.0,45.0,1.1,-9.07,2.18,44.55,6.81,0.82
32.0,45.0,1.1,-9.22,1.61,48.91,6.03,0.83
33.0,45.0,1.1,-11.35,2.41,54.17,6.77,0.85
34.0,45.0,1.1,-10.3,2.49,48.21,6.0,0.87
35.0,45.0,1.1,-10.17,1.69,44.83,6.91,0.83
25.0,35.0,1.2,-8.99,1.97,58.29,7.72,0.93
26.0,35.0,1.2,-8.34,2.5,45.24,5.98,0.85
27.0,35.0,1.2,-10.3,1.66,51.75,7.49,0.9
28.0,35.0,1.2,-9.14,1.94,54.32,5.45,0.86
29.0,35.0,1.2,-10.75,1.57,51.0,6.52,0.86
30.0,35.0,1.2,-9.17,2.24,45.67,5.14,0.84
31.0,35.0,1.2,-9.0,2.08,48.88,8.1,0.9
32.0,35.0,1.2,-8.35,2.39,52.58,5.37,0.88
33.0,35.0,1.2,-9.62,1.76,41.67,5.5,0.95
34.0,35.0,1.2,-9.81,1.65,52.95,6.46,0.93
35.0,35.0,1.2,-11.02,1.94,46.82,4.11,0.82
25.0,36.0,1.2,-9.04,1.86,50.78,5.9,0.87
26.0,36.0,1.2,-10.73,1.84,50.72,6.67,0.83
27.0,36.0,1.2,-8.99,2.34,45.57,5.5,0.83
28.0,36.0,1.2,-8.32,2.18,47.25,7.09,0.85
29.0,36.0,1.2,-10.0,2.21,47.39,6.75,0.79
30.0,36.0,1.2,-10.87,2.32,46.46,4.65,0.82
31.0,36.0,1.2,-11.92,1.62,55.6,5.2,0.89
32.0,36.0,1.2,-8.56,1.83,47.28,5.57,0.82
33.0,36.0,1.2,-9.78,2.46,53.88,5.63,0.76
34.0,36.0,1.2,-9.65,2.36,39.04,6.06,0.9
35.0,36.0,1.2,-9.99,1.82,55.96,4.36,0.9
25.0,37.0,1.2,-9.74,1.95,48.14,5.66,0.86
26.0,37.0,1.2,-11.36,1.99,50.12,4.34,0.85
27.0,37.0,1.2,-8.65,1.68,49.0,4.72,0.91
28.0,37.0,1.2,-11.33,2.25,41.87,6.7,0.8
29.0,37.0,1.2,-8.08,2.01,37.76,6.99,0.86
30.0,37.0,1.2,-9.6,1.76,51.91,5.38,0.83
31.0,37.0,1.2,-10.29,2.07,50.58,6.55,0.89
32.0,37.0,1.2,-10.98,2.01,59.3,5.18,0.88
33.0,37.0,1.2,-11.55,1.85,49.73,8.22,0.92
34.0,37.0,1.2,-9.35,2.26,47.97,5.99,0.89
35.0,37.0,1.2,-8.73,2.07,55.42,2.74,0.84
25.0,38.0,1.2,-10.69,2.45,47.11,4.04,0.92
26.0,38.0,1.2,-9.18,2.28,44.71,8.22,0.85
27.0,38.0,1.2,-11.72,2.26,46.13,7.15,0.81
28.0,38.0,1.2,-10.43,2.47,50.46,5.26,0.81
29.0,38.0,1.2,-10.21,1.83,50.63,6.81,0.81
30.0,38.0,1.2,-10.01,2.27,51.51,6.3,0.88
31.0,38.0,1.2,-11.03,2.04,55.54,7.73,0.76
32.0,38.0,1.2,-10.27,2.31,38.69,5.28,0.93
33.0,38.0,1.2,-9.92,1.9,56.19,6.01,0.8
34.0,38.0,1.2,-9.42,1.55,54.64,6.7,0.97
35.0,38.0,1.2,-9.04,2.3,50.5,6.83,0.75
25.0,39.0,1.2,-9.07,1.79,56.53,5.25,0.9
26.0,39.0,1.2,-8.61,2.14,44.18,4.81,0.92
27.0,39.0,1.2,-11.31,1.82,51.76,6.97,0.81
28.0,39.0,1.2,-10.01,2.46,54.89,7.05,0.9
29.0,39.0,1.2,-9.97,1.59,44.73,6.05,0.84
30.0,39.0,1.2,-10.71,2.32,45.13,3.94,0.84
31.0,39.0,1.2,-8.68,2.18,56.48,6.41,0.83
32.0,39.0,1.2,-8.97,1.93,43.98,3.39,0.81
33.0,39.0,1.2,-11.73,1.88,50.95,4.66,0.87
34.0,39.0,1.2,-10.58,2.02,40.2,7.19,0.86
35.0,39.0,1.2,-10.15,2.03,37.67,6.54,0.94
25.0,40.0,1.2,-10.78,1.95,51.07,5.52,0.88
26.0,40.0,1.2,-10.66,1.62,64.98,6.27,0.95
27.0,40.0,1.2,-10.86,1.53,59.04,5.0,0.81
28.0,40.0,1.2,-10.12,2.37,41.62,4.15,0.9
29.0,40.0,1.2,-10.27,2.34,54.73,6.06,0.79
30.0,40.0,1.2,-10.05,1.84,53.76,6.31,0.9
31.0,40.0,1.2,-9.19,1.87,54.41,7.3,0.83
32.0,40.0,1.2,-9.55,1.86,49.15,5.77,0.8
33.0,40.0,1.2,-10.34,1.67,44.92,4.64,0.81
34.0,40.0,1.2,-9.86,2.15,51.97,8.53,0.79
35.0,40.0,1.2,-10.88,2.06,48.04,5.67,0.88
25.0,41.0,1.2,-10.9,1.86,59.25,6.87,0.91
26.0,41.0,1.2,-9.19,1.59,51.54,5.61,0.77
27.0,41.0,1.2,-9.07,2.28,55.07,6.28,0.87
28.0,41.0,1.2,-8.76,1.67,50.54,4.16,0.81
29.0,41.0,1.2,-11.18,2.2,51.76,9.25,0.88
30.0,41.0,1.2,-9.57,2.33,52.0,7.07,0.8
31.0,41.0,1.2,-11.26,2.37,56.31,5.8,0.84
32.0,41.0,1.2,-11.49,1.85,49.92,5.99,0.89
33.0,41.0,1.2,-10.56,2.12,56.91,4.25,0.83
34.0,41.0,1.2,-9.7,1.83,45.25,7.08,0.84
35.0,41.0,1.2,-10.34,2.01,44.53,5.88,0.84
25.0,42.0,1.2,-11.23,2.07,43.66,5.6,0.85
26.0,42.0,1.2,-9.12,1.69,47.37,5.57,0.93
27.0,42.0,1.2,-9.34,2.44,53.28,6.2,0.83
28.0,42.0,1.2,-10.24,1.92,52.94,5.21,0.84
29.0,42.0,1.2,-10.56,1.54,55.61,4.73,0.85
30.0,42.0,1.2,-9.4,1.56,53.72,6.15,0.84
31.0,42.0,1.2,-10.03,2.27,56.99,7.43,0.89
32.0,42.0,1.2,-9.73,1.52,47.75,5.84,0.88
33.0,42.0,1.2,-10.77,2.2,46.69,7.62,0.8
34.0,42.0,1.2,-7.97,1.73,50.76,5.23,0.86
35.0,42.0,1.2,-11.92,1.91,43.02,4.88,0.79
25.0,43.0,1.2,-8.67,1.73,51.8,6.6,0.72
26.0,43.0,1.2,-10.27,1.73,56.32,4.89,0.86
27.0,43.0,1.2,-11.51,2.35,43.46,6.32,0.79
28.0,43.0,1.2,-10.04,1.68,48.43,5.24,0.79
29.0,43.0,1.2,-9.28,1.97,45.9,6.73,0.86
30.0,43.0,1.2,-9.64,1.99,53.62,7.5,0.85
31.0,43.0,1.2,-11.25,2.36,53.18,5.37,0.82
32.0,43.0,1.2,-9.25,2.22,48.51,7.04,0.84
33.0,43.0,1.2,-10.51,2.33,55.6,7.05,0.92
34.0,43.0,1.2,-9.89,1.75,54.39,6.31,0.89
35.0,43.0,1.2,-11.54,2.02,56.86,6.84,0.84
25.0,44.0,1.2,-11.24,2.14,52.15,5.62,0.9
26.0,44.0,1.2,-11.04,1.56,46.58,6.41,0.91
27.0,44.0,1.2,-9.03,2.25,47.9,7.49,0.81
28.0,44.0,1.2,-8.6,1.8,43.83,5.69,0.82
29.0,44.0,1.2,-10.42,2.1,41.98,7.38,0.89
30.0,44.0,1.2,-8.32,1.71,46.34,5.8,0.93
31.0,44.0,1.2,-11.94,1.59,54.48,5.31,0.88
32.0,44.0,1.2,-10.01,1.61,47.3,6.68,0.85
33.0,44.0,1.2,-8.13,1.66,55.68,6.05,0.87
34.0,44.0,1.2,-9.87,2.38,53.16,7.81,0.8
35.0,44.0,1.2,-8.63,1.99,53.78,4.74,0.78
25.0,45.0,1.2,-10.34,1.6,45.54,6.17,0.94
26.0,45.0,1.2,-9.14,1.81,55.41,5.62,0.78
27.0,45.0,1.2,-8.87,1.95,41.21,5.94,0.88
28.0,45.0,1.2,-10.95,1.91,50.76,7.7,0.84
29.0,45.0,1.2,-9.26,2.23,50.99,5.91,0.81
30.0,45.0,1.2,-9.98,2.36,50.16,6.46,0.77
31.0,45.0,1.2,-9.67,2.02,47.41,4.6,0.94
32.0,45.0,1.2,-8.89,2.48,48.78,6.2,0.88
33.0,45.0,1.2,-9.94,2.21,60.5,5.17,0.84
34.0,45.0,1.2,-7.88,1.53,50.16,7.18,0.86
35.0,45.0,1.2,-10.16,1.77,47.09,6.93,0.77
25.0,35.0,1.3,-10.37,2.38,54.76,7.27,0.83
26.0,35.0,1.3,-10.23,2.28,45.41,5.78,0.84
27.0,35.0,1.3,-8.45,2.31,52.88,5.05,0.86
28.0,35.0,1.3,-8.12,1.71,53.62,7.94,0.85
29.0,35.0,1.3,-10.14,1.74,45.87,6.83,0.84
30.0,35.0,1.3,-9.39,1.61,55.55,4.76,0.8
31.0,35.0,1.3,-10.43,1.51,55.08,3.83,0.88
32.0,35.0,1.3,-10.47,2.38,51.31,6.05,0.9
33.0,35.0,1.3,-11.16,1.85,48.84,5.26,0.83
34.0,35.0,1.3,-10.2,2.32,54.93,6.84,0.81
35.0,35.0,1.3,-10.2,2.28,46.74,6.59,0.75
25.0,36.0,1.3,-9.85,2.2,49.46,7.17,0.78
26.0,36.0,1.3,-9.44,2.35,48.28,5.98,0.83
27.0,36.0,1.3,-10.07,2.12,47.09,4.31,0.91
28.0,36.0,1.3,-8.19,1.72,51.94,5.28,0.87
29.0,36.0,1.3,-11.87,1.79,52.95,6.66,0.85
30.0,36.0,1.3,-10.06,1.84,58.68,5.57,0.85
31.0,36.0,1.3,-11.28,2.4,43.06,5.45,0.88
32.0,36.0,1.3,-10.5,1.9,49.26,5.79,0.88
33.0,36.0,1.3,-9.75,1.8,55.82,7.12,0.8
34.0,36.0,1.3,-10.62,1.92,44.03,6.93,0.97
35.0,36.0,1.3,-9.35,1.79,51.38,7.43,0.93
25.0,37.0,1.3,-10.42,1.86,41.47,7.18,0.85
26.0,37.0,1.3,-10.37,2.44,55.71,7.08,0.79
27.0,37.0,1.3,-10.27,2.42,53.21,4.89,0.84
28.0,37.0,1.3,-9.92,2.11,47.9,6.16,0.89
29.0,37.0,1.3,-10.21,2.1,44.58,5.3,0.89
30.0,37.0,1.3,-9.59,1.84,47.0,7.07,0.83
31.0,37.0,1.3,-11.79,2.19,48.93,5.28,0.9
32.0,37.0,1.3,-10.31,1.6,41.39,6.42,0.93
33.0,37.0,1.3,-9.41,2.24,49.67,7.56,0.83
34.0,37.0,1.3,-9.87,2.44,52.0,5.68,0.86
35.0,37.0,1.3,-9.11,2.44,45.8,5.43,0.82
25.0,38.0,1.3,-10.79,1.55,42.43,7.0,0.82
26.0,38.0,1.3,-11.94,1.69,45.41,6.31,0.85
27.0,38.0,1.3,-9.98,1.66,51.53,6.5,0.82
28.0,38.0,1.3,-10.6,1.54,56.29,5.98,0.94
29.0,38.0,1.3,-9.34,1.59,45.63,4.4,0.77
30.0,38.0,1.3,-8.74,2.46,46.44,5.46,0.8
31.0,38.0,1.3,-10.68,1.55,48.64,4.85,0.88
32.0,38.0,1.3,-9.5,2.04,42.57,8.0,0.85
33.0,38.0,1.3,-8.73,1.98,34.89,4.63,0.83
34.0,38.0,1.3,-9.36,2.28,53.54,7.52,0.8
35.0,38.0,1.3,-10.19,2.47,45.19,5.54,0.83
25.0,39.0,1.3,-10.64,1.79,52.15,3.88,0.81
26.0,39.0,1.3,-8.32,2.05,51.91,6.43,0.82
27.0,39.0,1.3,-10.6,1.82,52.63,6.06,0.88
28.0,39.0,1.3,-10.41,1.68,52.14,6.03,0.89
29.0,39.0,1.3,-7.58,2.4,62.46,6.31,0.85
30.0,39.0,1.3,-10.35,2.19,52.99,2.74,0.87
31.0,39.0,1.3,-9.96,2.4,60.75,4.59,0.88
32.0,39.0,1.3,-9.76,1.59,43.73,7.02,0.9
33.0,39.0,1.3,-8.35,1.82,54.6,4.45,0.92
34.0,39.0,1.3,-8.54,2.0,51.63,5.39,0.84
35.0,39.0,1.3,-9.73,1.98,54.03,4.21,0.88
25.0,40.0,1.3,-10.01,1.76,52.06,5.78,0.82
26.0,40.0,1.3,-8.6,1.79,53.21,5.07,0.89
27.0,40.0,1.3,-9.96,2.06,52.83,6.01,0.83
28.0,40.0,1.3,-11.1,1.75,48.27,5.34,0.81
29.0,40.0,1.3,-10.9,2.3,54.86,6.64,0.88
30.0,40.0,1.3,-9.42,1.92,49.92,5.33,0.76
31.0,40.0,1.3,-10.64,1.71,56.74,6.77,0.83
32.0,40.0,1.3,-8.55,1.7,50.84,6.04,0.86
33.0,40.0,1.3,-8.84,2.31,51.81,9.2,0.84
34.0,40.0,1.3,-12.46,1.65,51.64,5.32,0.85
35.0,40.0,1.3,-10.28,2.3,48.16,6.42,0.86
25.0,41.0,1.3,-8.86,1.94,54.59,5.36,0.92
26.0,41.0,1.3,-9.46,1.58,60.68,4.71,0.91
27.0,41.0,1.3,-10.55,1.59,48.94,7.93,0.93
28.0,41.0,1.3,-9.59,1.93,56.82,5.84,0.81
29.0,41.0,1.3,-9.38,1.82,45.82,3.5,0.79
30.0,41.0,1.3,-9.05,2.49,43.44,6.27,0.88
31.0,41.0,1.3,-11.16,2.28,50.03,5.51,0.74
32.0,41.0,1.3,-10.16,1.8,50.71,6.62,0.89
33.0,41.0,1.3,-10.0,1.85,43.5,6.22,0.84
34.0,41.0,1.3,-9.73,2.13,49.21,6.47,0.88
35.0,41.0,1.3,-8.8,2.32,47.03,7.12,0.87
25.0,42.0,1.3,-10.05,2.35,56.16,5.77,0.89
26.0,42.0,1.3,-7.94,1.68,54.76,6.09,0.88
27.0,42.0,1.3,-10.63,1.87,46.19,6.64,0.88
28.0,42.0,1.3,-9.54,1.72,44.05,5.23,0.88
29.0,42.0,1.3,-10.48,2.01,61.53,5.69,0.86
30.0,42.0,1.3,-11.65,1.9,49.47,6.19,0.92
31.0,42.0,1.3,-8.93,2.18,46.12,6.02,0.87
32.0,42.0,1.3,-9.0,2.24,48.26,4.14,0.87
33.0,42.0,1.3,-7.96,1.5,45.77,5.34,0.83
34.0,42.0,1.3,-10.26,2.28,56.56,6.44,0.85
35.0,42.0,1.3,-8.96,1.94,54.53,6.71,0.87
25.0,43.0,1.3,-9.7,1.52,50.91,5.92,0.9
26.0,43.0,1.3,-10.72,1.9,51.52,5.45,0.9
27.0,43.0,1.3,-10.01,2.4,56.48,5.9,0.86
28.0,43.0,1.3,-9.6,1.65,55.24,6.19,0.89
29.0,43.0,1.3,-10.35,2.41,43.0,5.8,0.85
30.0,43.0,1.3,-10.89,2.38,55.54,4.83,0.9
31.0,43.0,1.3,-11.66,1.95,43.53,6.18,0.84
32.0,43.0,1.3,-9.44,2.49,47.94,6.44,0.87
33.0,43.0,1.3,-9.06,1.69,53.61,4.71,0.79
34.0,43.0,1.3,-8.56,2.36,49.18,6.1,0.83
35.0,43.0,1.3,-9.77,2.07,49.94,5.51,0.93
25.0,44.0,1.3,-10.96,1.58,43.39,5.26,0.86
26.0,44.0,1.3,-11.25,1.71,45.05,7.25,0.86
27.0,44.0,1.3,-11.23,1.72,50.09,4.55,0.78
28.0,44.0,1.3,-10.49,2.02,40.58,5.31,0.8
29.0,44.0,1.3,-10.53,2.43,50.81,5.92,0.79
30.0,44.0,1.3,-10.54,2.43,49.68,6.05,0.77
31.0,44.0,1.3,-9.8,2.4,49.34,6.69,0.85
32.0,44.0,1.3,-9.1,1.84,57.24,5.59,0.82
33.0,44.0,1.3,-10.04,1.66,57.0,6.66,0.85
34.0,44.0,1.3,-10.3,2.36,58.73,6.29,0.9
35.0,44.0,1.3,-10.48,1.74,49.02,5.71,0.82
25.0,45.0,1.3,-11.29,1.63,54.25,5.87,0.84
26.0,45.0,1.3,-10.19,2.5,57.98,6.27,0.83
27.0,45.0,1.3,-10.16,2.47,39.17,7.83,0.82
28.0,45.0,1.3,-10.04,2.25,52.92,7.1,0.95
29.0,45.0,1.3,-10.31,2.07,43.72,8.5,0.9
30.0,45.0,1.3,-9.61,2.15,41.97,4.95,0.87
31.0,45.0,1.3,-8.72,1.71,53.17,7.67,0.89
32.0,45.0,1.3,-10.65,1.53,51.07,6.95,0.85
33.0,45.0,1.3,-7.8,2.32,55.32,4.67,0.84
34.0,45.0,1.3,-10.0,2.24,47.71,6.04,0.86
35.0,45.0,1.3,-10.38,2.06,49.72,8.21,0.82
25.0,35.0,1.4,-10.8,2.45,52.62,6.53,0.91
26.0,35.0,1.4,-9.2,1.91,47.7,3.92,0.82
27.0,35.0,1.4,-8.31,1.68,40.15,6.29,0.77
28.0,35.0,1.4,-10.15,2.42,47.23,5.33,0.8
29.0,35.0,1.4,-11.38,2.17,45.69,7.04,0.92
30.0,35.0,1.4,-10.47,2.03,49.29,6.42,0.93
31.0,35.0,1.4,-11.2,2.38,44.85,6.87,0.9
32.0,35.0,1.4,-10.82,2.29,50.9,6.48,0.93
33.0,35.0,1.4,-9.12,1.74,47.29,5.6,0.87
34.0,35.0,1.4,-11.0,1.53,49.23,5.77,0.75
35.0,35.0,1.4,-10.08,1.6,50.54,6.26,0.79
25.0,36.0,1.4,-8.78,2.03,45.9,5.97,0.88
26.0,36.0,1.4,-10.01,2.28,47.25,5.15,0.86
27.0,36.0,1.4,-8.73,1.96,47.78,4.29,0.85
28.0,36.0,1.4,-9.89,2.1,59.69,6.04,0.81
29.0,36.0,1.4,-9.86,1.96,51.78,6.33,0.8
30.0,36.0,1.4,-9.22,2.13,54.67,5.26,0.83
31.0,36.0,1.4,-9.94,1.95,46.6,5.76,0.86
32.0,36.0,1.4,-8.81,1.66,53.04,7.15,0.82
33.0,36.0,1.4,-10.33,1.68,50.37,8.21,0.87
34.0,36.0,1.4,-10.54,1.85,49.65,6.26,0.89
35.0,36.0,1.4,-10.52,1.97,43.35,4.3,0.83
25.0,37.0,1.4,-10.04,1.6,48.35,5.86,0.88
26.0,37.0,1.4,-9.8,1.92,42.12,8.97,0.71
27.0,37.0,1.4,-10.26,2.36,45.85,7.99,0.89
28.0,37.0,1.4,-9.29,1.74,52.29,5.61,0.72
29.0,37.0,1.4,-11.12,1.83,50.98,6.64,0.99
30.0,37.0,1.4,-10.4,2.06,45.43,6.64,0.85
31.0,37.0,1.4,-11.98,1.86,50.48,6.38,0.79
32.0,37.0,1.4,-8.77,2.31,48.14,5.17,0.81
33.0,37.0,1.4,-10.13,1.83,51.79,6.81,0.85
34.0,37.0,1.4,-11.2,1.64,49.88,5.59,0.87
35.0,37.0,1.4,-9.2,2.38,44.48,5.22,0.86
25.0,38.0,1.4,-9.43,1.87,41.08,6.76,0.89
26.0,38.0,1.4,-9.18,2.4,53.16,4.32,0.77
27.0,38.0,1.4,-10.64,2.28,52.59,6.35,0.92
28.0,38.0,1.4,-9.51,2.28,47.98,5.7,0.87
29.0,38.0,1.4,-8.89,1.64,51.49,6.89,0.91
30.0,38.0,1.4,-11.16,1.93,53.2,6.39,0.95
31.0,38.0,1.4,-9.29,2.04,52.54,6.23,0.85
32.0,38.0,1.4,-10.62,1.72,50.31,4.21,0.89
33.0,38.0,1.4,-9.89,2.15,49.36,5.19,0.88
34.0,38.0,1.4,-11.46,1.57,50.21,7.13,0.86
35.0,38.0,1.4,-9.85,2.1,48.1,5.55,0.84
25.0,39.0,1.4,-10.0,2.12,53.58,3.95,0.85
26.0,39.0,1.4,-10.92,1.59,54.57,5.71,0.89
27.0,39.0,1.4,-10.96,1.95,50.62,5.33,0.88
28.0,39.0,1.4,-11.05,1.98,51.23,5.08,0.82
29.0,39.0,1.4,-11.76,2.17,56.36,5.27,0.86
30.0,39.0,1.4,-8.27,1.86,53.73,6.04,0.81
31.0,39.0,1.4,-9.5,2.09,41.58,8.0,0.73
32.0,39.0,1.4,-10.43,1.85,50.03,5.86,0.85
33.0,39.0,1.4,-10.72,2.33,48.64,5.81,0.83
34.0,39.0,1.4,-9.58,2.26,44.19,8.34,0.86
35.0,39.0,1.4,-9.0,1.65,47.64,6.43,0.88
25.0,40.0,1.4,-10.42,2.32,40.88,4.64,0.87
26.0,40.0,1.4,-9.03,2.33,57.44,7.8,0.86
27.0,40.0,1.4,-10.12,1.54,60.41,5.39,0.94
28.0,40.0,1.4,-8.58,1.56,41.2,5.45,0.78
29.0,40.0,1.4,-8.68,2.3,47.12,5.85,0.8
30.0,40.0,1.4,-9.86,1.7,42.64,5.58,0.9
31.0,40.0,1.4,-11.04,1.89,55.36,5.3,0.85
32.0,40.0,1.4,-11.86,2.46,47.76,6.01,0.83
33.0,40.0,1.4,-9.06,1.59,52.45,5.8,0.84
34.0,40.0,1.4,-9.51,2.38,48.79,6.05,0.85
35.0,40.0,1.4,-8.99,1.82,54.26,5.51,0.86
25.0,41.0,1.4,-10.47,1.79,47.89,6.45,0.84
26.0,41.0,1.4,-8.33,1.51,48.88,3.49,0.86
27.0,41.0,1.4,-9.4,1.57,49.27,5.68,0.87
28.0,41.0,1.4,-11.36,2.13,55.91,6.9,0.88
29.0,41.0,1.4,-8.89,2.07,52.43,6.3,0.83
30.0,41.0,1.4,-9.72,1.81,49.72,5.02,0.9
31.0,41.0,1.4,-8.51,2.2,50.92,4.61,0.89
32.0,41.0,1.4,-10.13,2.13,57.87,5.99,0.97
33.0,41.0,1.4,-8.54,1.5,49.64,4.78,0.86
34.0,41.0,1.4,-10.8,1.51,44.78,5.36,0.91
35.0,41.0,1.4,-11.84,2.29,58.73,5.18,0.93
25.0,42.0,1.4,-10.89,1.6,41.79,4.07,0.88
26.0,42.0,1.4,-8.41,2.41,59.43,7.13,0.84
27.0,42.0,1.4,-9.73,1.68,55.21,5.04,0.8
28.0,42.0,1.4,-9.36,2.43,51.71,6.61,0.89
29.0,42.0,1.4,-8.31,1.64,43.34,6.64,0.84
30.0,42.0,1.4,-10.42,2.26,50.83,6.24,0.82
31.0,42.0,1.4,-10.75,1.66,53.7,5.01,0.79
32.0,42.0,1.4,-11.68,1.67,54.94,6.54,0.79
33.0,42.0,1.4,-9.41,2.31,51.12,7.3,0.81
34.0,42.0,1.4,-10.02,2.25,52.78,7.41,0.79
35.0,42.0,1.4,-12.23,1.78,54.07,5.24,0.84
25.0,43.0,1.4,-8.14,2.03,47.11,6.01,0.85
26.0,43.0,1.4,-9.51,1.84,56.6,5.99,0.82
27.0,43.0,1.4,-10.43,1.64,48.08,5.88,0.87
28.0,43.0,1.4,-9.16,1.85,47.7,7.12,0.89
29.0,43.0,1.4,-10.82,2.44,46.44,5.39,0.93
30.0,43.0,1.4,-10.33,2.17,54.03,4.54,0.87
31.0,43.0,1.4,-9.73,1.54,49.02,5.71,0.82
32.0,43.0,1.4,-11.65,2.33,47.0,7.84,0.8
33.0,43.0,1.4,-9.16,2.16,42.0,5.97,0.8
34.0,43.0,1.4,-11.37,1.58,51.15,6.28,0.88
35.0,43.0,1.4,-9.56,2.08,53.49,6.6,0.85
25.0,44.0,1.4,-10.08,1.62,49.64,7.68,0.82
26.0,44.0,1.4,-10.32,1.61,40.98,5.8,0.8
27.0,44.0,1.4,-10.42,1.89,46.64,6.35,0.79
28.0,44.0,1.4,-9.78,2.29,47.27,5.63,0.82
29.0,44.0,1.4,-10.05,1.54,56.08,6.49,0.89
30.0,44.0,1.4,-10.6,1.76,46.68,6.42,0.9
31.0,44.0,1.4,-10.41,1.63,47.47,4.63,0.95
32.0,44.0,1.4,-10.59,1.7,41.81,6.24,0.86
33.0,44.0,1.4,-9.67,1.97,60.65,5.36,0.86
34.0,44.0,1.4,-9.86,1.56,53.31,4.99,0.83
35.0,44.0,1.4,-10.74,2.37,54.94,6.82,1.01
25.0,45.0,1.4,-10.27,1.72,50.31,4.36,0.85
26.0,45.0,1.4,-10.11,1.92,54.51,6.24,0.8
27.0,45.0,1.4,-11.38,2.23,49.27,5.18,0.87
28.0,45.0,1.4,-11.79,2.14,48.31,3.99,0.85
29.0,45.0,1.4,-8.4,2.1,54.43,5.85,0.77
30.0,45.0,1.4,-11.21,2.11,54.33,6.53,0.84
31.0,45.0,1.4,-9.04,1.67,50.55,4.95,0.93
32.0,45.0,1.4,-10.34,2.32,58.64,4.95,0.87
33.0,45.0,1.4,-10.67,1.78,53.38,7.06,0.92
34.0,45.0,1.4,-10.0,1.89,49.31,7.54,0.74
35.0,45.0,1.4,-11.7,1.58,48.78,6.38,0.8
25.0,35.0,1.5,-10.7,1.87,53.07,6.69,0.9
26.0,35.0,1.5,-11.39,1.91,53.53,4.48,0.84
27.0,35.0,1.5,-9.22,1.81,51.36,7.03,0.83
28.0,35.0,1.5,-10.29,1.91,54.61,7.04,0.81
29.0,35.0,1.5,-10.7,1.52,52.97,4.98,0.83
30.0,35.0,1.5,-9.85,2.2,37.33,5.28,0.85
31.0,35.0,1.5,-9.19,2.21,47.96,4.25,0.81
32.0,35.0,1.5,-9.47,2.35,55.81,7.46,0.87
33.0,35.0,1.5,-10.04,2.16,61.75,6.52,1.02
34.0,35.0,1.5,-9.96,1.87,50.77,6.04,0.87
35.0,35.0,1.5,-8.12,2.25,39.92,7.67,0.76
25.0,36.0,1.5,-10.68,1.85,51.46,6.75,0.8
26.0,36.0,1.5,-8.45,1.88,55.67,6.75,0.88
27.0,36.0,1.5,-10.82,1.53,53.64,6.97,0.88
28.0,36.0,1.5,-8.86,1.54,40.68,3.31,0.86
29.0,36.0,1.5,-10.75,2.37,49.08,6.58,0.85
30.0,36.0,1.5,-9.4,1.92,47.34,7.0,0.78
31.0,36.0,1.5,-9.73,2.4,45.8,6.56,0.89
32.0,36.0,1.5,-11.01,2.27,46.44,4.97,0.81
33.0,36.0,1.5,-11.12,2.2,44.04,6.43,0.94
34.0,36.0,1.5,-9.61,1.59,49.19,3.99,0.81
35.0,36.0,1.5,-9.15,1.52,55.4,4.04,0.82
25.0,37.0,1.5,-10.92,1.9,46.62,5.2,0.93
26.0,37.0,1.5,-9.83,1.77,59.02,6.7,0.87
27.0,37.0,1.5,-10.77,2.18,57.57,5.55,0.81
28.0,37.0,1.5,-8.22,1.59,38.87,4.13,0.93
29.0,37.0,1.5,-9.53,2.26,53.98,5.61,0.72
30.0,37.0,1.5,-7.81,1.94,44.21,5.95,0.85
31.0,37.0,1.5,-10.77,1.94,43.25,6.33,0.82
32.0,37.0,1.5,-8.51,1.62,49.89,7.32,0.87
33.0,37.0,1.5,-10.78,2.32,53.17,6.87,0.86
34.0,37.0,1.5,-8.85,1.85,44.76,5.66,0.86
35.0,37.0,1.5,-10.23,1.62,52.23,5.61,0.84
25.0,38.0,1.5,-10.58,1.83,62.77,5.61,0.83
26.0,38.0,1.5,-10.4,2.36,48.84,6.71,0.8
27.0,38.0,1.5,-12.15,1.6,49.75,5.17,0.79
28.0,38.0,1.5,-9.63,2.15,48.91,7.01,0.88
29.0,38.0,1.5,-10.08,1.74,52.21,5.49,0.89
30.0,38.0,1.5,-11.43,2.03,52.36,6.77,0.87
31.0,38.0,1.5,-8.45,2.4,45.55,6.44,0.81
32.0,38.0,1.5,-10.09,1.54,52.74,5.46,0.94
33.0,38.0,1.5,-9.96,1.95,45.23,5.58,0.92
34.0,38.0,1.5,-10.78,1.68,54.0,4.81,0.88
35.0,38.0,1.5,-10.86,2.48,58.9,4.38,0.87
25.0,39.0,1.5,-8.25,1.73,44.69,4.49,0.77
26.0,39.0,1.5,-10.13,2.14,46.13,6.57,0.81
27.0,39.0,1.5,-8.24,1.56,53.12,5.27,0.91
28.0,39.0,1.5,-9.81,1.91,52.63,5.47,0.92
29.0,39.0,1.5,-10.0,2.29,58.13,5.03,0.8
30.0,39.0,1.5,-8.32,2.4,54.76,4.96,0.9
31.0,39.0,1.5,-10.0,1.67,52.2,5.38,0.83
32.0,39.0,1.5,-8.92,2.17,46.41,6.61,0.87
33.0,39.0,1.5,-8.74,2.1,50.77,5.98,0.9
34.0,39.0,1.5,-10.39,1.69,52.51,7.21,0.78
35.0,39.0,1.5,-9.49,1.52,49.75,4.94,0.82
25.0,40.0,1.5,-10.23,2.41,44.16,5.73,0.84
26.0,40.0,1.5,-9.72,2.1,53.19,5.51,0.88
27.0,40.0,1.5,-9.56,1.6,48.74,5.81,0.87
28.0,40.0,1.5,-10.68,1.72,51.57,5.6,0.85
29.0,40.0,1.5,-9.19,2.27,54.25,4.55,0.97
30.0,40.0,1.5,-9.81,2.02,41.49,4.85,0.86
31.0,40.0,1.5,-10.98,2.28,51.13,5.48,0.85
32.0,40.0,1.5,-10.33,1.5,57.16,5.67,0.89
33.0,40.0,1.5,-11.03,2.38,49.08,6.89,0.88
34.0,40.0,1.5,-9.6,2.3,48.53,4.16,0.8
35.0,40.0,1.5,-9.92,2.44,62.38,6.6,0.9
25.0,41.0,1.5,-10.9,1.93,51.7,5.86,0.76
26.0,41.0,1.5,-8.9,1.71,44.29,5.56,0.83
27.0,41.0,1.5,-10.17,1.62,54.06,5.53,0.92
28.0,41.0,1.5,-11.28,2.44,45.9,5.76,0.91
29.0,41.0,1.5,-10.45,2.36,53.71,6.31,0.84
30.0,41.0,1.5,-8.58,2.14,55.34,8.74,0.82
31.0,41.0,1.5,-10.23,1.74,52.88,6.45,0.92
32.0,41.0,1.5,-8.68,1.72,51.32,6.11,0.87
33.0,41.0,1.5,-9.03,1.75,45.32,3.67,0.9
34.0,41.0,1.5,-8.89,1.83,40.39,6.24,0.81
35.0,41.0,1.5,-10.35,2.37,50.64,5.26,0.87
25.0,42.0,1.5,-11.1,1.71,57.73,6.5,0.73
26.0,42.0,1.5,-8.89,1.6,50.15,6.91,0.91
27.0,42.0,1.5,-11.74,2.26,46.34,6.85,0.91
28.0,42.0,1.5,-9.02,2.15,52.08,6.67,0.81
29.0,42.0,1.5,-10.49,1.79,41.04,5.46,0.89
30.0,42.0,1.5,-9.93,1.93,47.63,7.43,0.89
31.0,42.0,1.5,-10.0,2.0,51.03,5.61,0.86
32.0,42.0,1.5,-10.29,1.88,37.37,7.68,0.8
33.0,42.0,1.5,-9.97,1.76,54.14,5.33,0.87
34.0,42.0,1.5,-10.06,2.25,50.92,6.64,0.82
35.0,42.0,1.5,-10.66,1.98,56.45,3.44,0.85
25.0,43.0,1.5,-10.36,1.72,50.29,6.44,0.79
26.0,43.0,1.5,-10.48,2.42,44.14,5.99,0.87
27.0,43.0,1.5,-9.92,1.55,47.76,6.39,0.85
28.0,43.0,1.5,-9.08,1.55,52.87,5.2,0.89
29.0,43.0,1.5,-9.55,2.44,45.28,6.56,0.88
30.0,43.0,1.5,-9.29,2.36,50.73,6.91,0.85
31.0,43.0,1.5,-9.64,1.51,50.29,5.55,0.84
32.0,43.0,1.5,-10.05,1.79,45.98,7.98,0.88
33.0,43.0,1.5,-9.98,2.32,44.05,5.66,0.86
34.0,43.0,1.5,-11.02,1.74,40.49,6.9,0.84
35.0,43.0,1.5,-9.37,1.74,53.94,6.0,0.75
25.0,44.0,1.5,-11.18,2.36,51.16,4.63,0.88
26.0,44.0,1.5,-9.59,1.95,51.71,6.67,0.75
27.0,44.0,1.5,-9.68,2.3,53.39,4.58,0.83
28.0,44.0,1.5,-9.95,2.21,39.87,5.44,0.87
29.0,44.0,1.5,-9.72,2.27,48.6,5.97,0.85
30.0,44.0,1.5,-9.56,1.73,48.05,5.75,0.78
31.0,44.0,1.5,-9.27,2.3,49.63,5.76,0.82
32.0,44.0,1.5,-11.88,1.96,51.28,4.51,0.82
33.0,44.0,1.5,-9.92,1.75,36.89,6.2,0.78
34.0,44.0,1.5,-12.21,1.61,48.19,5.03,0.88
35.0,44.0,1.5,-9.21,2.28,46.34,6.65,0.87
25.0,45.0,1.5,-10.17,1.93,49.56,7.28,0.84
26.0,45.0,1.5,-10.29,1.67,51.35,7.32,0.81
27.0,45.0,1.5,-10.34,2.32,51.28,8.97,0.93
28.0,45.0,1.5,-10.68,2.07,54.9,5.85,0.81
29.0,45.0,1.5,-8.61,2.07,63.17,4.53,0.86
30.0,45.0,1.5,-9.2,2.04,56.24,7.09,0.85
31.0,45.0,1.5,-10.98,1.68,44.34,5.35,0.92
32.0,45.0,1.5,-9.4,1.97,55.2,7.74,0.83
33.0,45.0,1.5,-10.41,1.66,49.64,4.63,0.86
34.0,45.0,1.5,-8.74,2.18,49.12,5.39,0.84
35.0,45.0,1.5,-10.11,1.62,49.62,5.68,0.84
25.0,35.0,1.6,-10.75,2.47,58.26,5.43,0.86
26.0,35.0,1.6,-10.43,1.82,50.95,5.63,0.93
27.0,35.0,1.6,-11.45,1.76,49.82,5.9,0.81
28.0,35.0,1.6,-9.98,2.2,52.77,7.65,0.81
29.0,35.0,1.6,-11.37,2.28,48.7,7.75,0.8
30.0,35.0,1.6,-10.25,1.81,62.73,5.05,0.85
31.0,35.0,1.6,-9.59,2.01,52.78,6.82,0.8
32.0,35.0,1.6,-9.19,1.9,47.0,6.09,0.78
33.0,35.0,1.6,-10.64,2.11,54.19,5.01,0.85
34.0,35.0,1.6,-8.5,1.67,45.9,4.26,0.86
35.0,35.0,1.6,-10.63,1.7,43.81,6.42,0.84
25.0,36.0,1.6,-8.88,2.33,50.05,6.35,0.88
26.0,36.0,1.6,-9.74,2.44,50.0,5.45,0.8
27.0,36.0,1.6,-8.78,1.84,48.2,6.01,0.88
28.0,36.0,1.6,-10.38,2.28,55.09,4.0,0.79
29.0,36.0,1.6,-10.05,2.11,50.93,6.29,0.74
30.0,36.0,1.6,-10.1,2.39,58.53,6.7,0.91
31.0,36.0,1.6,-9.72,1.55,52.69,4.77,0.94
32.0,36.0,1.6,-9.71,2.16,53.74,4.38,0.84
33.0,36.0,1.6,-11.13,1.76,43.3,6.09,0.96
34.0,36.0,1.6,-8.71,2.49,41.18,5.61,0.83
35.0,36.0,1.6,-10.58,2.26,43.89,7.07,0.83
25.0,37.0,1.6,-10.6,1.74,48.05,6.32,0.92
26.0,37.0,1.6,-8.5,2.07,49.4,6.03,0.88
27.0,37.0,1.6,-10.07,2.18,41.52,5.8,0.82
28.0,37.0,1.6,-9.49,1.58,50.37,5.94,0.84
29.0,37.0,1.6,-9.15,2.27,54.42,7.39,0.87
30.0,37.0,1.6,-9.28,1.7,47.79,3.96,0.85
31.0,37.0,1.6,-10.15,1.8,50.46,5.52,0.8
32.0,37.0,1.6,-9.91,2.31,54.43,7.08,0.91
33.0,37.0,1.6,-9.99,2.32,55.49,5.41,0.84
34.0,37.0,1.6,-10.79,1.94,47.09,4.19,0.76
35.0,37.0,1.6,-10.13,1.56,55.17,7.41,0.84
25.0,38.0,1.6,-7.61,1.62,58.57,5.16,0.85
26.0,38.0,1.6,-9.74,2.05,67.27,5.5,0.88
27.0,38.0,1.6,-7.54,1.77,56.34,4.73,0.83
28.0,38.0,1.6,-9.37,2.35,46.38,5.44,0.8
29.0,38.0,1.6,-8.05,1.62,43.68,5.64,0.81
30.0,38.0,1.6,-9.84,2.35,44.97,7.99,0.75
31.0,38.0,1.6,-8.54,2.09,46.73,6.92,0.79
32.0,38.0,1.6,-11.03,2.03,48.0,4.51,0.86
33.0,38.0,1.6,-8.74,1.57,54.14,5.65,0.77
34.0,38.0,1.6,-10.39,1.55,54.85,6.07,0.85
35.0,38.0,1.6,-9.81,1.95,49.08,4.82,0.88
25.0,39.0,1.6,-8.93,1.88,52.85,5.94,0.8
26.0,39.0,1.6,-9.17,1.55,45.75,5.96,0.77
27.0,39.0,1.6,-10.05,2.05,37.31,6.94,0.88
28.0,39.0,1.6,-10.88,1.93,48.4,6.43,0.84
29.0,39.0,1.6,-10.51,1.61,49.6,5.63,0.93
30.0,39.0,1.6,-9.8,1.61,52.53,6.49,0.86
31.0,39.0,1.6,-11.07,1.64,57.26,6.45,0.81
32.0,39.0,1.6,-11.07,1.96,53.87,4.05,0.8
33.0,39.0,1.6,-10.48,1.77,44.78,5.21,0.87
34.0,39.0,1.6,-8.39,2.22,51.08,5.71,0.79
35.0,39.0,1.6,-12.65,2.18,54.55,5.93,0.83
25.0,40.0,1.6,-11.48,1.88,49.59,6.86,0.86
26.0,40.0,1.6,-9.39,2.15,49.25,6.02,0.9
27.0,40.0,1.6,-8.9,1.65,53.83,6.14,0.82
28.0,40.0,1.6,-10.73,2.05,49.53,5.6,0.95
29.0,40.0,1.6,-9.2,1.52,41.48,3.51,0.8
30.0,40.0,1.6,-9.27,2.3,50.75,6.98,0.83
31.0,40.0,1.6,-9.87,1.73,48.19,6.51,0.94
32.0,40.0,1.6,-10.85,2.09,59.06,5.87,0.88
33.0,40.0,1.6,-10.19,1.54,43.93,7.51,0.92
34.0,40.0,1.6,-8.72,2.48,36.96,5.41,0.84
35.0,40.0,1.6,-10.83,2.45,53.08,6.15,0.84
25.0,41.0,1.6,-9.28,1.78,51.73,7.34,0.77
26.0,41.0,1.6,-10.06,2.41,44.26,6.85,0.8
27.0,41.0,1.6,-9.23,1.69,55.22,5.58,0.91
28.0,41.0,1.6,-10.56,2.5,49.77,6.19,0.86
29.0,41.0,1.6,-8.87,1.52,46.52,5.36,0.93
30.0,41.0,1.6,-11.42,1.83,55.53,5.23,0.92
31.0,41.0,1.6,-8.61,2.03,45.12,5.56,0.88
32.0,41.0,1.6,-8.26,1.68,46.03,6.21,0.91
33.0,41.0,1.6,-10.14,2.15,51.58,5.23,0.82
34.0,41.0,1.6,-7.95,2.4,51.81,7.23,0.91
35.0,41.0,1.6,-10.05,2.33,48.4,3.96,0.76
25.0,42.0,1.6,-9.04,1.71,41.4,5.58,0.85
26.0,42.0,1.6,-9.45,1.62,54.33,5.38,0.89
27.0,42.0,1.6,-12.47,2.26,47.31,6.0,0.78
28.0,42.0,1.6,-10.79,1.58,48.2,5.58,0.87
29.0,42.0,1.6,-9.05,2.16,50.69,5.93,0.82
30.0,42.0,1.6,-8.97,2.39,47.05,5.66,0.86
31.0,42.0,1.6,-10.38,1.82,56.26,5.84,0.86
32.0,42.0,1.6,-9.68,2.03,49.09,5.7,0.81
33.0,42.0,1.6,-11.1,2.24,46.17,6.16,0.73
34.0,42.0,1.6,-9.18,2.12,52.27,5.76,0.76
35.0,42.0,1.6,-10.28,2.19,53.14,6.87,0.93
25.0,43.0,1.6,-9.79,1.53,52.97,6.27,0.96
26.0,43.0,1.6,-11.49,1.53,46.98,5.32,0.86
27.0,43.0,1.6,-8.13,1.98,53.42,6.24,0.93
28.0,43.0,1.6,-10.56,1.9,54.62,5.33,0.91
29.0,43.0,1.6,-10.06,1.71,45.06,5.87,0.8
30.0,43.0,1.6,-11.44,2.47,52.16,5.87,0.89
31.0,43.0,1.6,-9.95,2.37,42.42,6.59,0.88
32.0,43.0,1.6,-10.32,1.53,50.3,4.56,0.81
33.0,43.0,1.6,-9.95,2.09,53.6,6.64,0.73
34.0,43.0,1.6,-10.44,1.66,48.25,7.02,0.82
35.0,43.0,1.6,-10.23,2.06,46.49,5.34,0.96
25.0,44.0,1.6,-9.35,2.19,54.28,3.67,0.75
26.0,44.0,1.6,-10.04,1.57,49.65,6.35,0.78
27.0,44.0,1.6,-8.96,2.24,54.04,5.95,0.77
28.0,44.0,1.6,-9.92,1.95,56.79,6.56,0.88
29.0,44.0,1.6,-9.56,1.97,56.19,6.22,0.91
30.0,44.0,1.6,-10.41,1.73,45.98,6.32,0.88
31.0,44.0,1.6,-10.19,2.03,51.17,6.41,0.77
32.0,44.0,1.6,-9.88,1.63,50.62,5.27,0.89
33.0,44.0,1.6,-10.7,2.32,50.15,6.18,0.83
34.0,44.0,1.6,-11.81,1.61,46.57,6.17,0.88
35.0,44.0,1.6,-9.92,1.91,51.59,5.69,0.93
25.0,45.0,1.6,-11.42,1.96,46.85,4.66,0.82
26.0,45.0,1.6,-8.96,1.99,52.71,6.62,0.84
27.0,45.0,1.6,-8.39,1.53,51.2,6.17,0.89
28.0,45.0,1.6,-9.01,2.3,49.7,4.99,0.83
29.0,45.0,1.6,-11.01,2.49,44.85,5.32,0.9
30.0,45.0,1.6,-10.76,2.3,47.31,5.88,0.99
31.0,45.0,1.6,-9.56,2.27,48.53,5.88,0.87
32.0,45.0,1.6,-11.06,1.68,49.43,7.14,0.88
33.0,45.0,1.6,-10.07,2.45,48.72,5.95,0.84
34.0,45.0,1.6,-11.44,1.59,51.34,5.47,0.8
35.0,45.0,1.6,-10.26,1.96,50.32,6.07,0.88
25.0,35.0,1.7,-10.61,1.61,46.51,5.83,0.86
26.0,35.0,1.7,-10.25,2.14,48.47,2.74,0.84
27.0,35.0,1.7,-9.79,2.1,57.42,7.24,0.86
28.0,35.0,1.7,-9.15,2.49,47.12,4.51,0.81
29.0,35.0,1.7,-9.18,1.96,50.73,5.92,0.91
30.0,35.0,1.7,-11.05,1.73,42.78,5.99,0.88
31.0,35.0,1.7,-12.3,1.59,47.01,7.03,0.83
32.0,35.0,1.7,-13.0,2.32,44.39,4.67,0.76
33.0,35.0,1.7,-11.19,2.49,37.22,6.21,0.88
34.0,35.0,1.7,-10.45,1.77,54.24,4.9,0.96
35.0,35.0,1.7,-10.35,1.89,49.74,4.93,0.81
25.0,36.0,1.7,-10.96,1.82,39.82,5.41,0.84
26.0,36.0,1.7,-9.4,1.86,52.09,6.83,0.84
27.0,36.0,1.7,-10.33,2.29,53.89,6.66,0.84
28.0,36.0,1.7,-11.46,2.22,47.17,5.69,0.84
29.0,36.0,1.7,-8.65,2.21,46.58,3.14,0.74
30.0,36.0,1.7,-10.98,1.75,42.32,5.5,0.76
31.0,36.0,1.7,-9.76,1.99,56.83,6.09,0.92
32.0,36.0,1.7,-10.1,2.31,47.17,4.82,0.76
33.0,36.0,1.7,-10.54,1.64,47.92,6.6,0.82
34.0,36.0,1.7,-9.78,2.03,47.71,4.91,0.78
35.0,36.0,1.7,-11.07,2.11,50.2,7.69,0.87
25.0,37.0,1.7,-10.83,1.77,47.07,5.73,0.86
26.0,37.0,1.7,-7.42,1.7,47.94,4.69,0.89
27.0,37.0,1.7,-10.31,2.37,52.66,5.51,0.85
28.0,37.0,1.7,-9.67,1.66,43.44,6.84,0.85
29.0,37.0,1.7,-11.21,1.67,37.95,5.42,0.91
30.0,37.0,1.7,-10.47,2.09,52.17,6.05,0.9
31.0,37.0,1.7,-8.29,2.18,39.47,6.46,0.95
32.0,37.0,1.7,-9.8,1.66,52.16,5.05,0.82
33.0,37.0,1.7,-9.76,2.47,41.69,5.0,0.83
34.0,37.0,1.7,-11.12,1.72,42.9,4.43,0.87
35.0,37.0,1.7,-9.29,2.24,46.27,7.62,0.86
25.0,38.0,1.7,-10.67,1.9,46.18,6.3,0.8
26.0,38.0,1.7,-9.69,1.96,56.52,4.96,0.9
27.0,38.0,1.7,-10.04,2.08,52.29,5.91,0.87
28.0,38.0,1.7,-9.21,1.83,53.58,6.18,0.92
29.0,38.0,1.7,-10.09,2.09,48.46,6.81,0.81
30.0,38.0,1.7,-10.33,1.7,58.79,8.19,0.96
31.0,38.0,1.7,-9.27,1.53,48.63,6.86,0.84
32.0,38.0,1.7,-8.72,2.27,53.24,6.2,0.86
33.0,38.0,1.7,-9.29,1.74,63.95,5.79,0.91
34.0,38.0,1.7,-8.37,1.78,43.47,5.09,0.84
35.0,38.0,1.7,-8.91,2.43,52.52,6.01,0.85
25.0,39.0,1.7,-9.92,2.02,52.66,6.69,0.86
26.0,39.0,1.7,-10.53,1.57,48.85,6.47,0.84
27.0,39.0,1.7,-9.77,1.84,48.13,6.43,0.96
28.0,39.0,1.7,-10.1,2.31,43.79,5.52,0.81
29.0,39.0,1.7,-10.86,2.0,56.91,5.85,0.89
30.0,39.0,1.7,-9.94,1.74,54.19,6.9,0.85
31.0,39.0,1.7,-9.12,2.37,44.66,5.99,0.92
32.0,39.0,1.7,-11.65,1.62,54.68,4.87,0.91
33.0,39.0,1.7,-8.88,1.84,50.48,7.21,0.95
34.0,39.0,1.7,-12.01,1.8,50.59,6.71,0.9
35.0,39.0,1.7,-10.27,2.33,42.85,5.26,0.94
25.0,40.0,1.7,-9.97,2.2,45.38,7.01,0.84
26.0,40.0,1.7,-10.77,1.54,51.56,7.23,0.85
27.0,40.0,1.7,-11.32,2.14,44.86,5.86,0.86
28.0,40.0,1.7,-9.76,1.94,47.48,4.61,0.86
29.0,40.0,1.7,-9.99,2.27,53.7,5.75,0.86
30.0,40.0,1.7,-10.73,1.89,59.19,5.68,0.9
31.0,40.0,1.7,-10.24,2.31,54.16,5.58,0.86
32.0,40.0,1.7,-9.61,2.43,48.94,5.53,0.85
33.0,40.0,1.7,-9.9,1.69,59.9,5.72,0.88
34.0,40.0,1.7,-11.45,2.23,41.09,6.33,0.84
35.0,40.0,1.7,-9.11,2.29,45.82,5.69,0.84
25.0,41.0,1.7,-9.75,1.75,48.43,4.33,0.94
26.0,41.0,1.7,-10.33,2.24,44.58,4.58,0.87
27.0,41.0,1.7,-10.8,2.34,39.98,6.57,0.98
28.0,41.0,1.7,-7.1,2.17,47.57,5.73,0.93
29.0,41.0,1.7,-11.12,1.76,47.82,6.29,0.83
30.0,41.0,1.7,-10.36,1.54,51.73,6.97,0.8
31.0,41.0,1.7,-9.14,1.64,52.22,6.85,0.86
32.0,41.0,1.7,-9.94,2.07,50.54,5.83,0.84
33.0,41.0,1.7,-10.41,2.46,46.48,6.46,0.92
34.0,41.0,1.7,-8.98,1.88,46.59,4.03,0.73
35.0,41.0,1.7,-10.38,2.45,55.97,4.24,0.88
25.0,42.0,1.7,-9.12,2.38,50.34,6.47,0.85
26.0,42.0,1.7,-10.04,1.67,50.44,6.98,0.91
27.0,42.0,1.7,-10.46,2.13,55.24,4.2,0.79
28.0,42.0,1.7,-8.84,2.01,54.1,6.57,0.81
29.0,42.0,1.7,-9.91,1.73,49.75,6.8,0.85
30.0,42.0,1.7,-11.6,2.38,44.35,4.35,0.93
31.0,42.0,1.7,-11.85,2.48,43.26,7.09,0.85
32.0,42.0,1.7,-10.61,1.95,43.91,5.43,0.86
33.0,42.0,1.7,-9.64,2.01,51.81,6.97,0.8
34.0,42.0,1.7,-9.49,1.98,46.42,4.96,0.92
35.0,42.0,1.7,-8.6,1.77,43.62,6.14,0.85
25.0,43.0,1.7,-10.23,1.72,49.45,6.55,0.77
26.0,43.0,1.7,-12.17,1.76,50.18,5.6,0.85
27.0,43.0,1.7,-9.97,1.82,48.1,5.58,0.88
28.0,43.0,1.7,-10.31,2.19,46.84,5.51,0.82
29.0,43.0,1.7,-10.17,2.34,48.13,4.9,0.88
30.0,43.0,1.7,-11.19,2.29,48.72,5.78,0.81
31.0,43.0,1.7,-12.29,2.33,46.35,5.7,0.85
32.0,43.0,1.7,-8.94,2.44,57.2,5.43,0.9
33.0,43.0,1.7,-8.44,1.74,47.42,7.13,0.92
34.0,43.0,1.7,-9.36,2.49,53.68,5.75,0.86
35.0,43.0,1.7,-9.61,2.0,42.22,9.18,0.86
25.0,44.0,1.7,-9.42,2.5,52.98,6.19,0.82
26.0,44.0,1.7,-10.45,1.69,38.15,5.92,0.8
27.0,44.0,1.7,-10.69,1.99,53.31,7.07,0.84
28.0,44.0,1.7,-8.94,2.44,50.43,5.74,0.74
29.0,44.0,1.7,-10.96,1.57,50.37,6.01,0.84
30.0,44.0,1.7,-9.06,2.27,43.76,6.48,0.8
31.0,44.0,1.7,-10.87,1.7,37.96,6.17,0.82
32.0,44.0,1.7,-11.06,2.46,49.89,6.43,0.83
33.0,44.0,1.7,-9.61,1.87,51.27,5.95,0.88
34.0,44.0,1.7,-11.01,1.74,46.57,7.93,0.9
35.0,44.0,1.7,-10.64,2.38,51.57,6.23,0.89
25.0,45.0,1.7,-10.32,1.75,48.34,6.35,0.85
26.0,45.0,1.7,-10.04,1.77,54.91,8.05,0.87
27.0,45.0,1.7,-12.0,1.7,46.59,5.44,0.86
28.0,45.0,1.7,-10.7,1.79,41.32,6.13,0.88
29.0,45.0,1.7,-8.49,2.14,51.38,8.48,0.86
30.0,45.0,1.7,-10.67,1.9,55.77,6.11,0.79
31.0,45.0,1.7,-9.16,2.21,41.38,5.19,0.82
32.0,45.0,1.7,-10.24,1.84,44.5,5.59,0.85
33.0,45.0,1.7,-8.11,2.46,55.98,6.3,0.82
34.0,45.0,1.7,-9.81,2.25,53.6,4.91,0.78
35.0,45.0,1.7,-11.08,1.6,50.89,5.36,0.88
25.0,35.0,1.8,-9.95,1.76,47.21,5.52,0.88
26.0,35.0,1.8,-9.66,2.09,46.57,6.93,0.88
27.0,35.0,1.8,-11.36,1.97,46.45,5.69,0.72
28.0,35.0,1.8,-10.56,1.55,52.55,5.23,0.79
29.0,35.0,1.8,-11.03,1.65,54.89,6.77,0.9
30.0,35.0,1.8,-10.26,2.41,54.21,5.56,0.8
31.0,35.0,1.8,-10.66,2.5,47.41,4.6,0.81
32.0,35.0,1.8,-10.95,2.05,50.67,6.39,0.87
33.0,35.0,1.8,-10.6,2.37,49.68,5.97,0.88
34.0,35.0,1.8,-9.17,2.33,56.3,6.02,0.78
35.0,35.0,1.8,-10.5,1.53,39.97,6.93,0.93
25.0,36.0,1.8,-9.03,2.12,51.95,7.09,0.86
26.0,36.0,1.8,-11.4,1.84,48.49,6.74,0.73
27.0,36.0,1.8,-10.25,2.22,56.28,7.17,0.77
28.0,36.0,1.8,-9.14,1.94,49.24,6.39,0.89
29.0,36.0,1.8,-10.57,2.45,46.91,4.75,0.79
30.0,36.0,1.8,-9.2,1.94,46.75,4.98,0.76
31.0,36.0,1.8,-10.02,2.43,46.87,5.61,0.88
32.0,36.0,1.8,-10.04,2.11,49.88,5.67,0.8
33.0,36.0,1.8,-9.74,1.79,50.81,5.53,0.84
34.0,36.0,1.8,-8.62,1.89,52.41,4.19,0.9
35.0,36.0,1.8,-10.27,1.81,58.94,7.03,0.89
25.0,37.0,1.8,-10.98,2.12,51.65,4.93,0.85
26.0,37.0,1.8,-8.61,2.31,46.92,5.42,0.83
27.0,37.0,1.8,-9.46,1.92,48.17,4.96,0.83
28.0,37.0,1.8,-10.81,2.4,55.02,5.54,0.8
29.0,37.0,1.8,-11.81,2.08,46.64,7.16,0.83
30.0,37.0,1.8,-10.57,2.24,49.75,7.39,0.85
31.0,37.0,1.8,-9.73,1.78,46.53,6.25,0.87
32.0,37.0,1.8,-10.18,1.83,48.2,3.93,0.79
33.0,37.0,1.8,-10.82,2.42,55.65,5.16,0.83
34.0,37.0,1.8,-10.15,2.48,51.58,5.04,0.94
35.0,37.0,1.8,-7.96,1.78,56.51,6.91,0.87
25.0,38.0,1.8,-11.44,2.16,60.26,6.14,0.91
26.0,38.0,1.8,-10.47,1.93,52.34,6.31,0.83
27.0,38.0,1.8,-8.94,1.72,41.61,5.97,0.73
28.0,38.0,1.8,-9.59,1.58,44.89,6.24,0.8
29.0,38.0,1.8,-7.98,2.45,54.75,7.73,0.87
30.0,38.0,1.8,-13.03,1.65,55.02,5.5,0.81
31.0,38.0,1.8,-10.99,2.43,50.52,5.2,0.9
32.0,38.0,1.8,-9.34,1.9,47.53,8.05,0.82
33.0,38.0,1.8,-10.23,1.62,46.37,6.66,0.84
34.0,38.0,1.8,-11.22,2.01,56.31,5.0,0.75
35.0,38.0,1.8,-11.48,1.53,46.18,4.34,0.81
25.0,39.0,1.8,-8.9,1.77,48.45,4.63,0.79
26.0,39.0,1.8,-10.09,1.55,55.02,6.54,0.87
27.0,39.0,1.8,-10.35,1.72,47.77,5.72,0.74
28.0,39.0,1.8,-9.75,2.45,49.42,5.7,0.88
29.0,39.0,1.8,-9.71,1.88,50.36,5.88,0.78
30.0,39.0,1.8,-10.34,2.15,54.37,5.53,0.93
31.0,39.0,1.8,-10.45,2.03,56.75,7.18,0.76
32.0,39.0,1.8,-7.6,1.88,46.23,5.47,0.76
33.0,39.0,1.8,-8.79,1.9,50.24,5.91,0.87
34.0,39.0,1.8,-9.43,2.23,49.91,5.61,0.87
35.0,39.0,1.8,-9.99,1.62,43.39,5.39,0.84
25.0,40.0,1.8,-8.37,2.17,42.24,5.6,0.79
26.0,40.0,1.8,-10.09,1.85,49.95,8.07,0.89
27.0,40.0,1.8,-9.9,1.8,55.21,6.59,0.77
28.0,40.0,1.8,-9.8,2.04,49.82,7.23,0.88
29.0,40.0,1.8,-10.08,1.52,42.01,5.9,0.96
30.0,40.0,1.8,-8.71,2.27,52.57,5.14,0.82
31.0,40.0,1.8,-9.6,2.08,60.4,6.53,0.79
32.0,40.0,1.8,-9.74,1.62,45.1,7.61,0.81
33.0,40.0,1.8,-10.61,1.89,47.58,4.09,0.8
34.0,40.0,1.8,-9.69,1.97,53.1,6.53,0.9
35.0,40.0,1.8,-9.57,2.31,39.65,6.72,0.82
25.0,41.0,1.8,-11.46,1.73,50.51,4.76,0.82
26.0,41.0,1.8,-10.22,1.78,42.83,5.62,0.86
27.0,41.0,1.8,-9.79,2.08,47.64,6.03,0.82
28.0,41.0,1.8,-9.31,1.92,47.08,5.78,0.72
29.0,41.0,1.8,-11.72,1.76,45.13,5.91,0.82
30.0,41.0,1.8,-8.54,2.11,53.48,5.68,0.88
31.0,41.0,1.8,-10.0,1.62,53.46,5.75,0.94
32.0,41.0,1.8,-9.76,2.38,44.18,6.77,0.75
33.0,41.0,1.8,-9.57,2.19,45.87,6.14,0.81
34.0,41.0,1.8,-10.54,1.86,53.88,5.1,0.91
35.0,41.0,1.8,-8.86,2.18,57.46,6.73,0.87
25.0,42.0,1.8,-9.67,2.34,50.4,5.22,0.86
26.0,42.0,1.8,-10.3,2.24,48.98,6.33,0.91
27.0,42.0,1.8,-10.08,2.33,48.65,7.23,0.95
28.0,42.0,1.8,-11.42,1.64,57.92,6.61,0.85
29.0,42.0,1.8,-10.1,2.02,50.42,6.8,0.84
30.0,42.0,1.8,-9.22,2.47,55.98,5.1,0.84
31.0,42.0,1.8,-8.68,1.78,44.7,5.89,0.9
32.0,42.0,1.8,-9.25,1.72,54.58,5.15,0.83
33.0,42.0,1.8,-11.13,1.69,48.33,8.55,0.76
34.0,42.0,1.8,-10.95,2.39,51.14,6.17,0.91
35.0,42.0,1.8,-9.1,1.74,57.25,7.25,0.83
25.0,43.0,1.8,-8.36,1.73,48.33,5.53,0.94
26.0,43.0,1.8,-9.79,2.16,43.36,6.74,0.91
27.0,43.0,1.8,-10.14,2.43,43.7,7.98,0.9
28.0,43.0,1.8,-9.95,2.47,52.25,6.75,0.87
29.0,43.0,1.8,-9.73,1.95,55.58,6.77,0.79
30.0,43.0,1.8,-9.5,1.81,47.02,6.78,0.8
31.0,43.0,1.8,-9.93,1.94,35.96,6.43,0.78
32.0,43.0,1.8,-10.51,2.09,49.61,6.84,0.84
33.0,43.0,1.8,-9.43,1.6,52.61,6.55,0.88
34.0,43.0,1.8,-9.2,2.32,52.77,6.38,0.83
35.0,43.0,1.8,-11.55,1.82,46.13,5.44,0.82
25.0,44.0,1.8,-10.02,2.29,59.39,6.99,0.79
26.0,44.0,1.8,-9.12,1.63,51.33,5.24,0.89
27.0,44.0,1.8,-9.09,2.31,55.16,6.81,0.88
28.0,44.0,1.8,-11.38,2.18,43.84,5.53,0.85
29.0,44.0,1.8,-9.79,1.59,50.53,7.97,0.82
30.0,44.0,1.8,-9.14,1.95,39.17,6.25,0.87
31.0,44.0,1.8,-10.74,2.15,46.61,5.09,0.76
32.0,44.0,1.8,-9.47,1.53,52.4,8.43,0.82
33.0,44.0,1.8,-10.36,1.74,42.52,7.2,0.84
34.0,44.0,1.8,-9.38,1.61,60.28,5.67,0.82
35.0,44.0,1.8,-10.71,2.21,48.16,5.98,0.77
25.0,45.0,1.8,-9.76,2.27,59.84,5.63,0.83
26.0,45.0,1.8,-10.89,2.24,46.3,4.69,0.85
27.0,45.0,1.8,-9.35,2.14,52.97,4.95,0.83
28.0,45.0,1.8,-9.82,2.47,54.77,5.15,0.88
29.0,45.0,1.8,-10.44,2.33,45.56,8.38,0.91
30.0,45.0,1.8,-10.66,1.55,51.73,3.78,0.79
31.0,45.0,1.8,-10.3,2.34,50.71,4.76,0.88
32.0,45.0,1.8,-11.56,1.86,49.4,6.14,0.77
33.0,45.0,1.8,-9.69,1.5,49.37,6.59,0.92
34.0,45.0,1.8,-9.57,1.89,49.44,5.68,0.84
35.0,45.0,1.8,-10.28,2.06,46.98,4.38,0.87
25.0,35.0,1.9,-10.89,2.22,55.16,7.34,0.84
26.0,35.0,1.9,-11.03,2.25,49.98,5.82,0.79
27.0,35.0,1.9,-10.2,2.0,50.87,4.64,0.84
28.0,35.0,1.9,-11.02,2.33,54.56,6.76,0.81
29.0,35.0,1.9,-11.65,1.9,46.31,4.93,0.83
30.0,35.0,1.9,-10.5,2.32,45.64,2.99,0.89
31.0,35.0,1.9,-10.55,1.68,47.16,6.66,0.86
32.0,35.0,1.9,-9.5,1.88,47.33,4.78,0.93
33.0,35.0,1.9,-10.29,2.49,52.6,5.81,0.88
34.0,35.0,1.9,-8.86,2.09,57.54,5.02,0.92
35.0,35.0,1.9,-11.03,1.84,44.76,6.78,0.89
25.0,36.0,1.9,-10.96,1.87,56.6,6.99,0.92
26.0,36.0,1.9,-9.24,1.52,53.62,8.22,0.87
27.0,36.0,1.9,-10.72,1.89,54.53,5.89,0.85
28.0,36.0,1.9,-9.58,2.38,55.25,5.11,0.84
29.0,36.0,1.9,-8.99,1.74,51.44,4.86,0.87
30.0,36.0,1.9,-11.01,2.02,55.79,5.54,0.89
31.0,36.0,1.9,-9.16,1.62,45.36,5.86,0.91
32.0,36.0,1.9,-10.51,1.75,49.01,6.09,0.85
33.0,36.0,1.9,-10.41,1.91,49.88,4.06,0.82
34.0,36.0,1.9,-11.37,1.6,48.79,4.55,0.85
35.0,36.0,1.9,-8.76,2.45,60.3,6.18,0.84
25.0,37.0,1.9,-8.53,2.33,51.98,3.72,0.74
26.0,37.0,1.9,-11.04,1.79,45.34,5.4,0.79
27.0,37.0,1.9,-10.74,1.6,59.37,6.68,0.77
28.0,37.0,1.9,-9.32,1.96,42.1,6.05,0.97
29.0,37.0,1.9,-10.94,2.43,54.44,4.61,0.94
30.0,37.0,1.9,-7.56,1.5,46.2,6.93,0.8
31.0,37.0,1.9,-10.59,2.04,44.6,4.82,0.92
32.0,37.0,1.9,-10.39,1.84,46.36,7.4,0.86
33.0,37.0,1.9,-10.07,2.11,51.22,4.97,0.82
34.0,37.0,1.9,-11.38,2.08,41.2,5.38,0.85
35.0,37.0,1.9,-11.98,1.71,48.47,6.82,0.83
25.0,38.0,1.9,-10.69,2.27,52.55,4.9,0.8
26.0,38.0,1.9,-11.9,1.51,51.02,6.66,0.88
27.0,38.0,1.9,-8.58,1.68,54.78,5.19,0.8
28.0,38.0,1.9,-9.84,2.21,55.56,6.78,0.88
29.0,38.0,1.9,-9.1,2.38,52.32,6.5,0.83
30.0,38.0,1.9,-11.41,2.0,50.06,6.16,0.82
31.0,38.0,1.9,-10.03,1.79,57.5,6.1,0.79
32.0,38.0,1.9,-10.87,1.6,53.04,3.44,0.82
33.0,38.0,1.9,-11.02,1.92,48.29,6.4,0.87
34.0,38.0,1.9,-11.21,2.02,47.58,6.76,0.91
35.0,38.0,1.9,-9.19,1.89,44.97,7.8,0.86
25.0,39.0,1.9,-9.92,1.97,49.4,6.16,0.84
26.0,39.0,1.9,-8.62,1.86,52.44,6.11,0.84
27.0,39.0,1.9,-8.94,2.08,60.55,7.12,0.79
28.0,39.0,1.9,-11.45,2.06,55.06,5.09,0.86
29.0,39.0,1.9,-10.65,1.87,54.8,6.23,0.8
30.0,39.0,1.9,-11.7,2.16,52.4,7.65,0.9
31.0,39.0,1.9,-9.64,2.46,44.98,7.57,0.88
32.0,39.0,1.9,-11.6,2.09,53.71,4.9,0.77
33.0,39.0,1.9,-10.9,1.73,50.27,5.74,0.88
34.0,39.0,1.9,-9.49,1.92,49.96,5.66,0.81
35.0,39.0,1.9,-9.89,1.96,53.97,4.42,0.87
25.0,40.0,1.9,-12.03,2.0,47.82,6.14,0.85
26.0,40.0,1.9,-9.24,1.6,62.52,6.07,0.91
27.0,40.0,1.9,-8.79,2.47,44.78,4.06,0.89
28.0,40.0,1.9,-9.78,1.63,45.23,6.25,0.83
29.0,40.0,1.9,-9.88,2.21,50.47,6.68,0.83
30.0,40.0,1.9,-10.57,1.61,46.26,5.67,0.86
31.0,40.0,1.9,-11.15,2.19,54.99,4.79,0.9
32.0,40.0,1.9,-7.76,1.69,44.57,6.49,0.89
33.0,40.0,1.9,-9.51,2.41,55.16,7.58,0.87
34.0,40.0,1.9,-11.33,1.54,49.71,6.28,0.85
35.0,40.0,1.9,-11.02,2.47,36.08,5.56,0.91
25.0,41.0,1.9,-9.68,1.97,44.17,5.8,0.81
26.0,41.0,1.9,-10.39,2.2,51.65,2.58,0.85
27.0,41.0,1.9,-7.64,1.74,42.74,5.64,0.78
28.0,41.0,1.9,-11.75,1.56,47.86,4.87,0.86
29.0,41.0,1.9,-10.93,1.93,49.38,7.04,0.83
30.0,41.0,1.9,-12.08,1.55,59.71,6.51,0.87
31.0,41.0,1.9,-10.45,2.29,45.28,6.11,0.87
32.0,41.0,1.9,-10.18,2.01,48.7,5.31,0.83
33.0,41.0,1.9,-10.02,2.07,54.11,4.41,0.93
34.0,41.0,1.9,-10.49,1.71,60.31,6.64,0.88
35.0,41.0,1.9,-10.02,1.78,56.54,6.28,0.84
25.0,42.0,1.9,-10.4,2.43,53.15,7.16,0.82
26.0,42.0,1.9,-9.71,1.51,48.41,4.76,0.95
27.0,42.0,1.9,-11.5,2.32,43.66,5.27,0.8
28.0,42.0,1.9,-11.16,2.35,55.37,8.35,0.85
29.0,42.0,1.9,-9.79,2.31,53.79,7.53,0.78
30.0,42.0,1.9,-11.69,1.57,53.93,5.43,0.85
31.0,42.0,1.9,-9.92,1.98,52.83,5.64,0.85
32.0,42.0,1.9,-9.52,2.16,44.3,5.95,0.96
33.0,42.0,1.9,-11.27,1.51,46.95,4.87,0.81
34.0,42.0,1.9,-9.85,1.51,49.38,5.79,0.84
35.0,42.0,1.9,-7.9,1.87,54.62,6.25,0.91
25.0,43.0,1.9,-8.57,1.99,50.41,5.4,0.9
26.0,43.0,1.9,-10.47,1.54,49.63,5.3,0.81
27.0,43.0,1.9,-9.62,1.64,46.83,5.92,0.81
28.0,43.0,1.9,-9.64,2.47,55.52,6.7,0.83
29.0,43.0,1.9,-8.55,1.95,50.45,6.32,0.85
30.0,43.0,1.9,-9.2,2.26,49.92,4.92,0.85
31.0,43.0,1.9,-8.39,2.0,51.82,8.49,0.83
32.0,43.0,1.9,-11.66,2.41,49.91,7.71,0.82
33.0,43.0,1.9,-8.77,1.86,56.04,7.47,0.86
34.0,43.0,1.9,-8.97,2.18,52.17,5.78,0.86
35.0,43.0,1.9,-10.53,1.58,50.32,6.56,0.85
25.0,44.0,1.9,-12.29,2.49,52.77,5.05,0.93
26.0,44.0,1.9,-9.75,2.45,53.77,6.64,0.81
27.0,44.0,1.9,-10.83,2.22,43.39,5.02,0.84
28.0,44.0,1.9,-10.16,1.72,57.99,7.15,0.84
29.0,44.0,1.9,-10.2,1.98,44.25,5.7,0.87
30.0,44.0,1.9,-9.67,2.39,51.04,8.57,0.78
31.0,44.0,1.9,-9.77,2.01,44.26,6.7,0.83
32.0,44.0,1.9,-12.08,2.07,40.7,6.59,0.87
33.0,44.0,1.9,-11.24,1.9,50.95,6.25,0.86
34.0,44.0,1.9,-8.83,1.75,46.05,5.84,0.9
35.0,44.0,1.9,-10.28,1.87,60.57,5.02,0.85
25.0,45.0,1.9,-8.39,2.47,51.72,7.69,0.9
26.0,45.0,1.9,-9.03,1.87,48.02,6.85,0.9
27.0,45.0,1.9,-10.52,1.92,56.51,7.49,0.83
28.0,45.0,1.9,-8.18,1.55,51.05,6.14,0.85
29.0,45.0,1.9,-9.93,2.19,54.09,5.13,0.79
30.0,45.0,1.9,-9.59,2.23,55.73,4.18,0.88
31.0,45.0,1.9,-9.84,1.88,57.45,8.03,0.88
32.0,45.0,1.9,-9.17,2.34,47.16,4.69,0.93
33.0,45.0,1.9,-10.85,2.07,52.99,6.54,0.92
34.0,45.0,1.9,-8.59,2.47,53.74,6.09,0.87
35.0,45.0,1.9,-9.09,2.04,44.38,6.12,0.74
25.0,35.0,2.0,-10.2,1.84,55.52,5.22,0.83
26.0,35.0,2.0,-8.99,1.78,53.26,6.57,0.82
27.0,35.0,2.0,-10.1,1.57,50.19,5.27,0.89
28.0,35.0,2.0,-9.37,1.51,51.13,5.68,0.91
29.0,35.0,2.0,-11.01,2.37,51.0,6.53,0.89
30.0,35.0,2.0,-9.51,1.72,42.4,5.31,0.9
31.0,35.0,2.0,-10.4,1.64,47.73,6.68,0.86
32.0,35.0,2.0,-10.17,1.93,60.46,4.62,0.87
33.0,35.0,2.0,-9.68,1.64,57.79,7.4,0.76
34.0,35.0,2.0,-8.88,1.77,50.76,4.41,0.9
35.0,35.0,2.0,-9.27,2.47,43.61,5.34,0.84
25.0,36.0,2.0,-11.17,1.83,51.48,4.39,0.84
26.0,36.0,2.0,-9.66,1.97,43.81,5.29,0.82
27.0,36.0,2.0,-11.49,1.97,51.37,6.5,0.86
28.0,36.0,2.0,-10.8,1.66,53.13,5.76,0.94
29.0,36.0,2.0,-10.32,1.64,45.45,5.21,0.77
30.0,36.0,2.0,-8.27,1.56,54.01,6.57,0.82
31.0,36.0,2.0,-9.83,1.59,47.44,6.16,0.81
32.0,36.0,2.0,-7.96,2.03,52.85,5.44,0.91
33.0,36.0,2.0,-9.65,1.59,46.03,5.63,0.88
34.0,36.0,2.0,-9.2,1.63,54.7,5.52,0.94
35.0,36.0,2.0,-9.24,2.27,57.08,5.56,0.93
25.0,37.0,2.0,-9.23,1.62,53.45,5.17,0.89
26.0,37.0,2.0,-10.33,2.27,49.05,6.55,0.92
27.0,37.0,2.0,-12.45,2.37,42.31,4.62,0.85
28.0,37.0,2.0,-11.62,1.88,44.94,6.94,0.81
29.0,37.0,2.0,-8.71,2.03,49.54,6.29,0.84
30.0,37.0,2.0,-8.64,1.93,45.43,5.17,0.82
31.0,37.0,2.0,-11.08,1.9,50.48,4.13,0.85
32.0,37.0,2.0,-10.45,1.83,49.26,3.8,0.9
33.0,37.0,2.0,-9.01,1.78,45.84,5.56,0.77
34.0,37.0,2.0,-11.19,2.3,46.22,2.87,0.85
35.0,37.0,2.0,-10.29,1.58,45.02,5.69,0.8
25.0,38.0,2.0,-9.63,2.14,49.65,7.86,0.82
26.0,38.0,2.0,-10.21,2.01,50.05,6.3,0.86
27.0,38.0,2.0,-10.3,2.16,54.63,5.6,0.82
28.0,38.0,2.0,-11.42,1.63,48.81,6.39,0.89
29.0,38.0,2.0,-9.89,2.03,42.34,4.0,0.82
30.0,38.0,2.0,-10.4,2.46,48.89,8.15,0.84
31.0,38.0,2.0,-9.4,1.82,48.32,5.59,0.86
32.0,38.0,2.0,-10.98,2.07,46.16,4.39,0.81
33.0,38.0,2.0,-9.66,2.04,47.48,5.61,0.8
34.0,38.0,2.0,-9.13,2.01,52.73,7.95,0.88
35.0,38.0,2.0,-10.63,2.09,48.22,6.6,0.84
25.0,39.0,2.0,-9.22,2.36,52.79,4.67,0.84
26.0,39.0,2.0,-9.42,2.26,50.52,5.2,0.81
27.0,39.0,2.0,-9.57,1.71,57.5,5.1,0.98
28.0,39.0,2.0,-10.35,2.17,40.71,5.37,1.0
29.0,39.0,2.0,-10.17,2.24,45.08,5.47,0.89
30.0,39.0,2.0,-9.28,2.02,59.4,4.48,0.92
31.0,39.0,2.0,-8.7,1.54,53.99,4.32,0.75
32.0,39.0,2.0,-9.69,2.28,54.71,5.51,0.96
33.0,39.0,2.0,-9.07,2.48,54.85,5.04,0.81
34.0,39.0,2.0,-9.21,1.89,58.12,6.02,0.84
35.0,39.0,2.0,-10.79,1.65,53.28,6.81,0.86
25.0,40.0,2.0,-11.2,2.34,55.02,4.47,0.92
26.0,40.0,2.0,-8.83,2.1,44.29,7.11,0.8
27.0,40.0,2.0,-10.82,1.78,46.4,4.48,0.86
28.0,40.0,2.0,-9.38,1.88,54.47,4.75,0.89
29.0,40.0,2.0,-9.62,2.2,48.28,5.64,0.87
30.0,40.0,2.0,-8.84,2.08,33.88,5.76,0.87
31.0,40.0,2.0,-10.87,1.94,51.65,5.15,0.78
32.0,40.0,2.0,-7.75,2.42,66.13,6.38,0.86
33.0,40.0,2.0,-9.7,1.71,54.92,6.28,0.88
34.0,40.0,2.0,-10.89,2.14,55.84,6.71,0.82
35.0,40.0,2.0,-10.8,1.68,52.27,6.76,0.79
25.0,41.0,2.0,-8.91,2.23,48.91,5.58,0.84
26.0,41.0,2.0,-12.61,1.75,52.0,5.63,0.83
27.0,41.0,2.0,-9.33,2.25,45.62,7.95,0.73
28.0,41.0,2.0,-10.43,2.33,56.74,7.04,0.9
29.0,41.0,2.0,-11.06,1.65,55.39,5.65,0.87
30.0,41.0,2.0,-8.93,2.02,53.76,6.98,0.77
31.0,41.0,2.0,-9.76,1.52,44.8,5.68,0.77
32.0,41.0,2.0,-9.46,2.44,47.62,4.78,0.86
33.0,41.0,2.0,-10.69,1.94,52.09,3.51,0.84
34.0,41.0,2.0,-11.51,2.36,48.83,5.41,0.78
35.0,41.0,2.0,-10.79,2.48,45.64,4.7,0.92
25.0,42.0,2.0,-11.41,1.57,50.22,4.83,0.87
26.0,42.0,2.0,-10.38,2.09,50.04,4.94,0.83
27.0,42.0,2.0,-8.13,2.46,43.46,4.8,0.8
28.0,42.0,2.0,-9.36,1.96,58.0,7.26,0.95
29.0,42.0,2.0,-10.19,2.04,56.78,6.34,0.8
30.0,42.0,2.0,-9.98,1.93,53.8,5.62,0.79
31.0,42.0,2.0,-11.89,2.48,48.66,5.28,0.9
32.0,42.0,2.0,-11.32,2.17,39.34,6.24,0.9
33.0,42.0,2.0,-11.35,1.89,54.37,6.36,0.79
34.0,42.0,2.0,-9.62,1.53,48.68,6.32,0.8
35.0,42.0,2.0,-12.12,1.53,42.96,8.12,0.88
25.0,43.0,2.0,-12.25,2.05,52.79,6.1,0.93
26.0,43.0,2.0,-9.21,2.47,46.22,6.81,0.85
27.0,43.0,2.0,-9.74,2.38,54.76,6.75,0.78
28.0,43.0,2.0,-11.21,1.62,46.66,4.86,0.83
29.0,43.0,2.0,-7.89,1.85,53.76,7.12,0.82
30.0,43.0,2.0,-9.23,1.99,40.79,6.73,0.79
31.0,43.0,2.0,-10.54,2.23,41.59,6.94,0.83
32.0,43.0,2.0,-8.27,2.49,55.22,5.48,0.99
33.0,43.0,2.0,-10.05,2.15,57.1,4.69,0.87
34.0,43.0,2.0,-8.7,1.55,52.44,6.66,0.8
35.0,43.0,2.0,-11.14,2.5,39.19,6.03,0.79
25.0,44.0,2.0,-9.18,1.74,46.37,6.34,0.86
26.0,44.0,2.0,-10.02,1.84,46.01,5.29,0.9
27.0,44.0,2.0,-8.01,2.17,59.12,7.08,0.97
28.0,44.0,2.0,-10.43,2.25,45.55,5.86,0.87
29.0,44.0,2.0,-10.58,1.96,42.04,7.53,0.91
30.0,44.0,2.0,-9.24,1.7,34.8,6.51,0.85
31.0,44.0,2.0,-9.28,1.58,52.6,6.44,0.84
32.0,44.0,2.0,-9.32,2.32,56.72,4.59,0.97
33.0,44.0,2.0,-10.23,2.17,45.99,5.57,0.87
34.0,44.0,2.0,-8.27,1.92,51.35,4.43,0.81
35.0,44.0,2.0,-9.84,2.29,53.5,4.65,0.94
25.0,45.0,2.0,-10.08,2.46,44.42,4.44,0.9
26.0,45.0,2.0,-11.67,2.08,44.28,7.25,0.82
27.0,45.0,2.0,-11.2,1.81,45.89,3.43,0.92
28.0,45.0,2.0,-9.81,1.77,47.06,6.91,0.88
29.0,45.0,2.0,-10.69,1.84,54.03,6.65,0.88
30.0,45.0,2.0,-11.49,1.99,45.68,4.67,0.77
31.0,45.0,2.0,-7.79,1.55,45.7,5.84,0.84
32.0,45.0,2.0,-8.15,1.87,58.25,5.78,0.9
33.0,45.0,2.0,-10.17,2.16,53.88,5.92,0.84
34.0,45.0,2.0,-10.63,2.39,47.82,4.4,0.93
35.0,45.0,2.0,-12.19,1.89,51.77,4.62,0.87
